Plant_ID,Alias,Alias_Type,Normalized_Alias
Adiantum pedatum,Adiantum pedatum,scientific,adiantum pedatum
Adiantum pedatum,Maidenhair Fern,common_name,maidenhair fern
Equisetum hyemale,Equisetum hyemale,scientific,equisetum hyemale
Equisetum hyemale,Scouring-rush Horsetail,common_name,scouring rush horsetail
Equisetum hyemale,Horsetail,common_name,horsetail
Equisetum hyemale,Scouring Rush,common_name,scouring rush
Equisetum hyemale,Canuela,common_name,canuela
Marsilea macropoda,Marsilea macropoda,scientific,marsilea macropoda
Marsilea macropoda,Bigfoot Water-clover,common_name,bigfoot water clover
Marsilea macropoda,Water-clover,common_name,water clover
Marsilea macropoda,Clover-fern,common_name,clover fern
Marsilea macropoda,Largefoot Pepperwort,common_name,largefoot pepperwort
Marsilea macropoda,Bigfoot Waterclover,npsot_common_name,bigfoot waterclover
Andropogon gerardii,Andropogon gerardii,scientific,andropogon gerardii
Andropogon gerardii,Big Bluestem,common_name,big bluestem
Andropogon gerardii,Tall Bluestem,common_name,tall bluestem
Andropogon gerardii,Turkeyfoot,common_name,turkeyfoot
Andropogon glomeratus,Andropogon glomeratus,scientific,andropogon glomeratus
Andropogon glomeratus,Bushy Bluestem,common_name,bushy bluestem
Andropogon glomeratus,Brushy Bluestem,common_name,brushy bluestem
Andropogon virginicus,Andropogon virginicus,scientific,andropogon virginicus
Andropogon virginicus,Broomsedge Bluestem,common_name,broomsedge bluestem
Andropogon virginicus,Broomsedge,npsot_common_name,broomsedge
Aristida purpurea,Aristida purpurea,scientific,aristida purpurea
Aristida purpurea,Purple Threeawn,common_name,purple threeawn
Aristida purpurea,Purple 3-awn,common_name,purple 3 awn
Aristida purpurea,Purple Three-awn,common_name,purple three awn
Aristida purpurea,Red Threeawn,common_name,red threeawn
Bothriochloa laguroides,Bothriochloa laguroides,scientific,bothriochloa laguroides
Bothriochloa laguroides,Silver Bluestem,common_name,silver bluestem
Bothriochloa laguroides,Silver Beardgrass,common_name,silver beardgrass
Bouteloua curtipendula,Bouteloua curtipendula,scientific,bouteloua curtipendula
Bouteloua curtipendula,Sideoats Grama,common_name,sideoats grama
Bouteloua curtipendula,Banderilla,common_name,banderilla
Bouteloua curtipendula,Banderita,common_name,banderita
Bouteloua curtipendula,Navajita,common_name,navajita
Bouteloua dactyloides,Bouteloua dactyloides,scientific,bouteloua dactyloides
Bouteloua dactyloides,Buffalograss,common_name,buffalograss
Bouteloua dactyloides,Buffalo Grass,common_name,buffalo grass
Bouteloua gracilis,Bouteloua gracilis,scientific,bouteloua gracilis
Bouteloua gracilis,Blue Grama,common_name,blue grama
Bouteloua rigidiseta,Bouteloua rigidiseta,scientific,bouteloua rigidiseta
Bouteloua rigidiseta,Texas Grama,common_name,texas grama
Chasmanthium latifolium,Chasmanthium latifolium,scientific,chasmanthium latifolium
Chasmanthium latifolium,Inland Sea Oats,common_name,inland sea oats
Chasmanthium latifolium,Indian Wood Oats,common_name,indian wood oats
Chasmanthium latifolium,Wild Oats,common_name,wild oats
Chasmanthium latifolium,River Oats,common_name,river oats
Chasmanthium latifolium,Flathead Oats,common_name,flathead oats
Chasmanthium latifolium,Upland Oats,common_name,upland oats
Chasmanthium latifolium,Upland Sea Oats,common_name,upland sea oats
Elymus canadensis,Elymus canadensis,scientific,elymus canadensis
Elymus canadensis,Canada Wildrye,common_name,canada wildrye
Elymus canadensis,Prairie Wildrye,npsot_common_name,prairie wildrye
Eragrostis hirsuta,Eragrostis hirsuta,scientific,eragrostis hirsuta
Eragrostis hirsuta,Big Top Love Grass,common_name,big top love grass
Eragrostis hirsuta,Big Top Lovegrass,npsot_common_name,big top lovegrass
Eragrostis spectabilis,Eragrostis spectabilis,scientific,eragrostis spectabilis
Eragrostis spectabilis,Purple Lovegrass,common_name,purple lovegrass
Eragrostis spectabilis,Purple Love Grass,common_name,purple love grass
Eragrostis spectabilis,Purple Plains Lovegrass,common_name,purple plains lovegrass
Eragrostis spectabilis,Tumblegrass,common_name,tumblegrass
Eragrostis spectabilis,Petticoat Climber,common_name,petticoat climber
Eragrostis trichodes,Eragrostis trichodes,scientific,eragrostis trichodes
Eragrostis trichodes,Sand Love Grass,common_name,sand love grass
Eragrostis trichodes,Sand lovegrass,common_name,sand lovegrass
Eriochloa sericea,Eriochloa sericea,scientific,eriochloa sericea
Eriochloa sericea,Texas Cupgrass,common_name,texas cupgrass
Leersia oryzoides,Leersia oryzoides,scientific,leersia oryzoides
Leersia oryzoides,Rice Cutgrass,common_name,rice cutgrass
Leersia oryzoides,Rice Cut Grass,common_name,rice cut grass
Muhlenbergia lindheimeri,Muhlenbergia lindheimeri,scientific,muhlenbergia lindheimeri
Muhlenbergia lindheimeri,Lindheimer's Muhly,common_name,lindheimer s muhly
Muhlenbergia lindheimeri,Lindheimer Muhly,common_name,lindheimer muhly
Muhlenbergia lindheimeri,Big Muhly,common_name,big muhly
Muhlenbergia lindheimeri,Blue Muhly,common_name,blue muhly
Muhlenbergia reverchonii,Muhlenbergia reverchonii,scientific,muhlenbergia reverchonii
Muhlenbergia reverchonii,Seep Muhly,common_name,seep muhly
Muhlenbergia schreberi,Muhlenbergia schreberi,scientific,muhlenbergia schreberi
Muhlenbergia schreberi,Nimblewill,common_name,nimblewill
Muhlenbergia utilis,Muhlenbergia utilis,scientific,muhlenbergia utilis
Muhlenbergia utilis,Aparejo Grass,common_name,aparejo grass
Muhlenbergia utilis,Aparejo Muhly,common_name,aparejo muhly
Panicum virgatum,Panicum virgatum,scientific,panicum virgatum
Panicum virgatum,Switchgrass,common_name,switchgrass
Panicum virgatum,Wand Panic Grass,common_name,wand panic grass
Poa arachnifera,Poa arachnifera,scientific,poa arachnifera
Poa arachnifera,Texas Bluegrass,common_name,texas bluegrass
Poa arachnifera,Texas Blue Grass,common_name,texas blue grass
Schizachyrium scoparium,Schizachyrium scoparium,scientific,schizachyrium scoparium
Schizachyrium scoparium,Little Bluestem,common_name,little bluestem
Schizachyrium scoparium,Popotillo Azul,common_name,popotillo azul
Setaria scheelei,Setaria scheelei,scientific,setaria scheelei
Setaria scheelei,Southwestern Bristlegrass,common_name,southwestern bristlegrass
Setaria scheelei,Scheele's Bristlegrass,common_name,scheele s bristlegrass
Setaria scheelei,Scheele's Foxtail Grass,common_name,scheele s foxtail grass
Setaria scheelei,Foxtail Grass,common_name,foxtail grass
Sorghastrum nutans,Sorghastrum nutans,scientific,sorghastrum nutans
Sorghastrum nutans,Indiangrass,common_name,indiangrass
Sorghastrum nutans,Yellow Indiangrass,common_name,yellow indiangrass
Sorghastrum nutans,Indian Grass,common_name,indian grass
Tridens albescens,Tridens albescens,scientific,tridens albescens
Tridens albescens,White Tridens,common_name,white tridens
Tridens albescens,White Top,common_name,white top
Tridens flavus,Tridens flavus,scientific,tridens flavus
Tridens flavus,Purpletop Tridens,common_name,purpletop tridens
Tripsacum dactyloides,Tripsacum dactyloides,scientific,tripsacum dactyloides
Tripsacum dactyloides,Eastern Gamagrass,common_name,eastern gamagrass
Tripsacum dactyloides,Fakahatchee Grass,common_name,fakahatchee grass
Achillea millefolium,Achillea millefolium,scientific,achillea millefolium
Achillea millefolium,Common Yarrow,common_name,common yarrow
Achillea millefolium,Western Yarrow,common_name,western yarrow
Achillea millefolium,Yarrow,common_name,yarrow
Achillea millefolium,Milfoil,common_name,milfoil
Acmella oppositifolia var. repens,Acmella oppositifolia var. repens,scientific,acmella oppositifolia var repens
Acmella oppositifolia var. repens,Spotflower,common_name,spotflower
Acourtia runcinata,Acourtia runcinata,scientific,acourtia runcinata
Acourtia runcinata,Featherleaf Desertpeony,common_name,featherleaf desertpeony
Acourtia runcinata,Peonia,common_name,peonia
Acourtia wrightii,Acourtia wrightii,scientific,acourtia wrightii
Acourtia wrightii,Brownfoot,common_name,brownfoot
Acourtia wrightii,Pink Perezia,common_name,pink perezia
Amsonia ciliata,Amsonia ciliata,scientific,amsonia ciliata
Amsonia ciliata,Blue Amsonia,common_name,blue amsonia
Amsonia ciliata,Fringed bluestar,common_name,fringed bluestar
Aquilegia canadensis,Aquilegia canadensis,scientific,aquilegia canadensis
Aquilegia canadensis,Eastern Red Columbine,common_name,eastern red columbine
Aquilegia canadensis,Wild Red Columbine,common_name,wild red columbine
Argemone polyanthemos,Argemone polyanthemos,scientific,argemone polyanthemos
Argemone polyanthemos,White Prickly Poppy,common_name,white prickly poppy
Argemone sanguinea,Argemone sanguinea,scientific,argemone sanguinea
Argemone sanguinea,Red Pricklypoppy,common_name,red pricklypoppy
Argemone sanguinea,Rose Prickly Poppy,common_name,rose prickly poppy
Argemone sanguinea,Red Prickly Poppy,common_name,red prickly poppy
Aristolochia erecta,Aristolochia erecta,scientific,aristolochia erecta
Aristolochia erecta,Swanflower,common_name,swanflower
Asclepias asperula,Asclepias asperula,scientific,asclepias asperula
Asclepias asperula,Antelope-horns,common_name,antelope horns
Asclepias asperula,Spider Milkweed,common_name,spider milkweed
Asclepias asperula,Green-flowered Milkweed,common_name,green flowered milkweed
Asclepias asperula,Spider Antelope-horns,common_name,spider antelope horns
Asclepias asperula,Antelope Horn Milkweed,npsot_common_name,antelope horn milkweed
Asclepias incarnata,Asclepias incarnata,scientific,asclepias incarnata
Asclepias incarnata,Swamp Milkweed,common_name,swamp milkweed
Asclepias incarnata,Pink Milkweed,common_name,pink milkweed
Asclepias oenotheroides,Asclepias oenotheroides,scientific,asclepias oenotheroides
Asclepias oenotheroides,Zizotes Milkweed,common_name,zizotes milkweed
Asclepias oenotheroides,Hierba De Zizotes,common_name,hierba de zizotes
Asclepias oenotheroides,Side-cluster Milkweed,common_name,side cluster milkweed
Asclepias oenotheroides,Longhorn Milkweed,common_name,longhorn milkweed
Asclepias oenotheroides,Primrose Milkweed,common_name,primrose milkweed
Asclepias oenotheroides,Lindheimer's Milkweed,common_name,lindheimer s milkweed
Asclepias texana,Asclepias texana,scientific,asclepias texana
Asclepias texana,Texas Milkweed,common_name,texas milkweed
Asclepias tuberosa,Asclepias tuberosa,scientific,asclepias tuberosa
Asclepias tuberosa,Butterflyweed,common_name,butterflyweed
Asclepias tuberosa,Butterfly Weed,common_name,butterfly weed
Asclepias tuberosa,Butterfly Milkweed,common_name,butterfly milkweed
Asclepias tuberosa,Orange Milkweed,common_name,orange milkweed
Asclepias tuberosa,Pleurisy Root,common_name,pleurisy root
Asclepias tuberosa,Chigger Flower,common_name,chigger flower
Asclepias tuberosa,Chiggerweed,common_name,chiggerweed
Asclepias viridis,Asclepias viridis,scientific,asclepias viridis
Asclepias viridis,Green Milkweed,common_name,green milkweed
Asclepias viridis,Spider Milkweed,common_name,spider milkweed
Baptisia bracteata,Baptisia bracteata,scientific,baptisia bracteata
Baptisia bracteata,Wild Indigo,common_name,wild indigo
Berlandiera lyrata,Berlandiera lyrata,scientific,berlandiera lyrata
Berlandiera lyrata,Chocolate Daisy,common_name,chocolate daisy
Berlandiera lyrata,Chocolate Flower,common_name,chocolate flower
Berlandiera lyrata,Lyreleaf Greeneyes,common_name,lyreleaf greeneyes
Berlandiera lyrata,Green-eyed Lyre Leaf,common_name,green eyed lyre leaf
Brickellia eupatorioides,Brickellia eupatorioides,scientific,brickellia eupatorioides
Brickellia eupatorioides,False Boneset,common_name,false boneset
Callirhoe involucrata,Callirhoe involucrata,scientific,callirhoe involucrata
Callirhoe involucrata,Winecup,common_name,winecup
Callirhoe involucrata,Purple Poppy Mallow,common_name,purple poppy mallow
Calylophus berlandieri,Calylophus berlandieri,scientific,calylophus berlandieri
Calylophus berlandieri,Berlandier's Sundrops,common_name,berlandier s sundrops
Calylophus berlandieri,Square-bud Primrose,common_name,square bud primrose
Calylophus berlandieri,Sundrops,common_name,sundrops
Calyptocarpus vialis,Calyptocarpus vialis,scientific,calyptocarpus vialis
Calyptocarpus vialis,Horseherb,common_name,horseherb
Capsicum annuum,Capsicum annuum,scientific,capsicum annuum
Capsicum annuum,Chile Tepin,common_name,chile tepin
Capsicum annuum,Chile Pequin,common_name,chile pequin
Capsicum annuum,Chiltepin,common_name,chiltepin
Capsicum annuum,Chile Petin,common_name,chile petin
Capsicum annuum,Bird Pepper,common_name,bird pepper
Capsicum annuum,Turkey Pepper,common_name,turkey pepper
Capsicum annuum,Cayenne Pepper,common_name,cayenne pepper
Carex blanda,Carex blanda,scientific,carex blanda
Carex blanda,Eastern Woodland Sedge,common_name,eastern woodland sedge
Carex blanda,Creek Sedge,common_name,creek sedge
Carex blanda,Common Wood Sedge,common_name,common wood sedge
Carex cherokeensis,Carex cherokeensis,scientific,carex cherokeensis
Carex cherokeensis,Cherokee Sedge,common_name,cherokee sedge
Carex emoryi,Carex emoryi,scientific,carex emoryi
Carex emoryi,Emory's Sedge,common_name,emory s sedge
Carex emoryi,Emory Sedge,common_name,emory sedge
Carex perdentata,Carex perdentata,scientific,carex perdentata
Carex perdentata,Sand Sedge,common_name,sand sedge
Carex perdentata,Meadow Sedge,common_name,meadow sedge
Carex texensis,Carex texensis,scientific,carex texensis
Carex texensis,Texas Sedge,common_name,texas sedge
Chaetopappa ericoides,Chaetopappa ericoides,scientific,chaetopappa ericoides
Chaetopappa ericoides,Rose Heath,common_name,rose heath
Chamaecrista fasciculata,Chamaecrista fasciculata,scientific,chamaecrista fasciculata
Chamaecrista fasciculata,Partridge Pea,common_name,partridge pea
Chamaecrista fasciculata,Sleepingplant,common_name,sleepingplant
Chamaecrista fasciculata,Sensitive Plant,common_name,sensitive plant
Commelina erecta,Commelina erecta,scientific,commelina erecta
Commelina erecta,Dayflower,common_name,dayflower
Commelina erecta,Widow's Tears,common_name,widow s tears
Commelina erecta,White-mouth Dayflower,common_name,white mouth dayflower
Commelina erecta,Whitemouth Dayflower,common_name,whitemouth dayflower
Conoclinium coelestinum,Conoclinium coelestinum,scientific,conoclinium coelestinum
Conoclinium coelestinum,Blue Mistflower,common_name,blue mistflower
Conoclinium coelestinum,Wild Ageratum,common_name,wild ageratum
Conoclinium coelestinum,Blue Boneset,common_name,blue boneset
Conoclinium coelestinum,Blue Boneset | Gregg's Mistflower,microregion_common_name,blue boneset gregg s mistflower
Conoclinium coelestinum,Palmleaf Thoroughwort,microregion_common_name,palmleaf thoroughwort
Conoclinium coelestinum,Palm-leaf Mistflower,microregion_common_name,palm leaf mistflower
Conoclinium coelestinum,Palm-leaf Thoroughwort,microregion_common_name,palm leaf thoroughwort
Conoclinium coelestinum,Purple Palmleaf Mistflower,microregion_common_name,purple palmleaf mistflower
Conoclinium coelestinum,Purple Palmleaf Eupatorium,microregion_common_name,purple palmleaf eupatorium
Coreopsis basalis,Coreopsis basalis,scientific,coreopsis basalis
Coreopsis basalis,Goldenmane Tickseed,common_name,goldenmane tickseed
Coreopsis basalis,Golden-wave,common_name,golden wave
Coreopsis basalis,Golden Tickseed,npsot_common_name,golden tickseed
Coreopsis lanceolata,Coreopsis lanceolata,scientific,coreopsis lanceolata
Coreopsis lanceolata,Lanceleaf Coreopsis,common_name,lanceleaf coreopsis
Coreopsis lanceolata,Lance-leaved Coreopsis,common_name,lance leaved coreopsis
Coreopsis lanceolata,Lanceleaf Tickseed,common_name,lanceleaf tickseed
Coreopsis lanceolata,Sand Coreopsis,common_name,sand coreopsis
Croton texensis,Croton texensis,scientific,croton texensis
Croton texensis,Texas Croton,common_name,texas croton
Croton texensis,Doveweed,common_name,doveweed
Croton texensis,Texas Goatweed,common_name,texas goatweed
Dalea aurea,Dalea aurea,scientific,dalea aurea
Dalea aurea,Golden Dalea,common_name,golden dalea
Dalea aurea,Golden Prairie Clover,common_name,golden prairie clover
Dalea purpurea,Dalea purpurea,scientific,dalea purpurea
Dalea purpurea,Purple Prairie Clover,common_name,purple prairie clover
Datura wrightii,Datura wrightii,scientific,datura wrightii
Datura wrightii,Jimsonweed,common_name,jimsonweed
Datura wrightii,Sacred Thorn-apple,common_name,sacred thorn apple
Datura wrightii,Thorn-apple,common_name,thorn apple
Datura wrightii,Angel Trumpet,common_name,angel trumpet
Datura wrightii,Sacred Datura,common_name,sacred datura
Datura wrightii,Western Jimson Weed,common_name,western jimson weed
Delphinium carolinianum,Delphinium carolinianum,scientific,delphinium carolinianum
Delphinium carolinianum,Larkspur,common_name,larkspur
Delphinium carolinianum,Carolina larkspur,common_name,carolina larkspur
Delphinium carolinianum,Prairie Larkspur,npsot_common_name,prairie larkspur
Desmanthus illinoensis,Desmanthus illinoensis,scientific,desmanthus illinoensis
Desmanthus illinoensis,Illinois Bundleflower,common_name,illinois bundleflower
Desmanthus illinoensis,Bundleflower,common_name,bundleflower
Desmanthus illinoensis,Prairie Bundle Flower,common_name,prairie bundle flower
Desmanthus illinoensis,Prickleweed,common_name,prickleweed
Desmanthus illinoensis,Illinois Desmanthus,common_name,illinois desmanthus
Desmanthus illinoensis,Prairie Mimosa,common_name,prairie mimosa
Dichondra carolinensis,Dichondra carolinensis,scientific,dichondra carolinensis
Dichondra carolinensis,Carolina Ponyfoot,common_name,carolina ponyfoot
Dichondra carolinensis,Ponyfoot,common_name,ponyfoot
Dracopis amplexicaulis,Dracopis amplexicaulis,scientific,dracopis amplexicaulis
Dracopis amplexicaulis,Clasping Coneflower,common_name,clasping coneflower
Dracopis amplexicaulis,Clasping-leaf Coneflower,common_name,clasping leaf coneflower
Dyschoriste linearis,Dyschoriste linearis,scientific,dyschoriste linearis
Dyschoriste linearis,Snake Herb,common_name,snake herb
Dyschoriste linearis,Polkadots,common_name,polkadots
Dyschoriste linearis,Narrowleaf Dyschoriste,common_name,narrowleaf dyschoriste
Dyschoriste linearis,Snakeherb,npsot_common_name,snakeherb
Echinacea angustifolia,Echinacea angustifolia,scientific,echinacea angustifolia
Echinacea angustifolia,Black Samson,common_name,black samson
Echinacea angustifolia,Black Samson Echinacea,common_name,black samson echinacea
Echinacea angustifolia,Narrow-leaf Coneflower,common_name,narrow leaf coneflower
Engelmannia peristenia,Engelmannia peristenia,scientific,engelmannia peristenia
Engelmannia peristenia,Engelmann's Daisy,common_name,engelmann s daisy
Engelmannia peristenia,Engelmann Daisy,common_name,engelmann daisy
Engelmannia peristenia,Cutleaf Daisy,common_name,cutleaf daisy
Erigeron philadelphicus,Erigeron philadelphicus,scientific,erigeron philadelphicus
Erigeron philadelphicus,Philadelphia Fleabane,common_name,philadelphia fleabane
Eriogonum longifolium,Eriogonum longifolium,scientific,eriogonum longifolium
Eriogonum longifolium,Longleaf Buckwheat,common_name,longleaf buckwheat
Eriogonum longifolium,Longleaf Wild Buckwheat,common_name,longleaf wild buckwheat
Eryngium leavenworthii,Eryngium leavenworthii,scientific,eryngium leavenworthii
Eryngium leavenworthii,Leavenworth's Eryngo,common_name,leavenworth s eryngo
Eryngium leavenworthii,Eryngo,common_name,eryngo
Eryngium leavenworthii,False Purple Thistle,common_name,false purple thistle
Eryngium leavenworthii,Leavenworth Eryngo,npsot_common_name,leavenworth eryngo
Eryngium yuccifolium,Eryngium yuccifolium,scientific,eryngium yuccifolium
Eryngium yuccifolium,Rattlesnake Master,common_name,rattlesnake master
Eryngium yuccifolium,Button Eryngo,common_name,button eryngo
Eryngium yuccifolium,Button Snakeroot,common_name,button snakeroot
Eryngium yuccifolium,Beargrass,common_name,beargrass
Eryngium yuccifolium,Bear's Grass,common_name,bear s grass
Eustoma exaltatum,Eustoma exaltatum,scientific,eustoma exaltatum
Eustoma exaltatum,Catchfly Prairie Gentian,common_name,catchfly prairie gentian
Eustoma exaltatum,Bluebell Gentian,common_name,bluebell gentian
Eustoma exaltatum,Western Blue Gentian,common_name,western blue gentian
Eustoma exaltatum,Blue Marsh Lily,common_name,blue marsh lily
Eustoma exaltatum,Small Bluebell,common_name,small bluebell
Eustoma exaltatum,Catchfly Gentian,common_name,catchfly gentian
Eustoma exaltatum,Seaside Gentian,common_name,seaside gentian
Fleischmannia incarnata,Fleischmannia incarnata,scientific,fleischmannia incarnata
Fleischmannia incarnata,Pink Thoroughwort,common_name,pink thoroughwort
Gaillardia aestivalis,Gaillardia aestivalis,scientific,gaillardia aestivalis
Gaillardia aestivalis,Lanceleaf blanketflower,common_name,lanceleaf blanketflower
Gaillardia amblyodon,Gaillardia amblyodon,scientific,gaillardia amblyodon
Gaillardia amblyodon,Maroon Blanket Flower,common_name,maroon blanket flower
Gaillardia pulchella,Gaillardia pulchella,scientific,gaillardia pulchella
Gaillardia pulchella,Indian Blanket,common_name,indian blanket
Gaillardia pulchella,Firewheel,common_name,firewheel
Gaillardia pulchella,Girasol Rojo,common_name,girasol rojo
Gaillardia suavis,Gaillardia suavis,scientific,gaillardia suavis
Gaillardia suavis,Pincushion Daisy,common_name,pincushion daisy
Gaillardia suavis,Fragrant Gaillardia,common_name,fragrant gaillardia
Gaillardia suavis,Rayless Gaillardia,common_name,rayless gaillardia
Gaillardia suavis,Perfumeballs,common_name,perfumeballs
Geum canadense,Geum canadense,scientific,geum canadense
Geum canadense,White Avens,common_name,white avens
Glandularia bipinnatifida,Glandularia bipinnatifida,scientific,glandularia bipinnatifida
Glandularia bipinnatifida,Prairie Verbena,common_name,prairie verbena
Glandularia bipinnatifida,Purple Prairie Verbena,common_name,purple prairie verbena
Glandularia bipinnatifida,Dakota Vervain,common_name,dakota vervain
Glandularia bipinnatifida,Dakota Mock Vervain,common_name,dakota mock vervain
Glandularia bipinnatifida,Moradilla,common_name,moradilla
Glandularia bipinnatifida,Alfombrilla,common_name,alfombrilla
Grindelia lanceolata,Grindelia lanceolata,scientific,grindelia lanceolata
Grindelia lanceolata,Narrowleaf Gumweed,common_name,narrowleaf gumweed
Grindelia squarrosa,Grindelia squarrosa,scientific,grindelia squarrosa
Grindelia squarrosa,Curlycup Gumweed,common_name,curlycup gumweed
Hedeoma acinoides,Hedeoma acinoides,scientific,hedeoma acinoides
Hedeoma acinoides,Pannyroyal (annual),common_name,pannyroyal annual
Hedeoma acinoides,Slender False Pennyroyal,common_name,slender false pennyroyal
Hedeoma reverchonii,Hedeoma reverchonii,scientific,hedeoma reverchonii
Hedeoma reverchonii,Reverchon's False Pennyroyal,common_name,reverchon s false pennyroyal
Helenium amarum,Helenium amarum,scientific,helenium amarum
Helenium amarum,Southern Wild Hyacinth,common_name,southern wild hyacinth
Helenium amarum,Bitter Sneezeweed,npsot_common_name,bitter sneezeweed
Helenium autumnale,Helenium autumnale,scientific,helenium autumnale
Helenium autumnale,Common Sneezeweed,common_name,common sneezeweed
Helenium autumnale,Fall Sneezeweed,common_name,fall sneezeweed
Helenium autumnale,Autumn Sneezeweed,common_name,autumn sneezeweed
Helianthus maximiliani,Helianthus maximiliani,scientific,helianthus maximiliani
Helianthus maximiliani,Maximilian Sunflower,common_name,maximilian sunflower
Helianthus maximiliani,Max Sunflower,common_name,max sunflower
Hibiscus laevis,Hibiscus laevis,scientific,hibiscus laevis
Hibiscus laevis,Halberdleaf Rosemallow,common_name,halberdleaf rosemallow
Hibiscus laevis,Halberdleaf Hibiscus,common_name,halberdleaf hibiscus
Hibiscus laevis,Scarlet Rose Mallow,common_name,scarlet rose mallow
Hibiscus laevis,Halberd-leaved Hibiscus,common_name,halberd leaved hibiscus
Hibiscus laevis,Halberd-leaved Rose-mallow,common_name,halberd leaved rose mallow
Hibiscus laevis,Halberd Leaf Hibiscus,npsot_common_name,halberd leaf hibiscus
Hibiscus moscheutos,Hibiscus moscheutos,scientific,hibiscus moscheutos
Hibiscus moscheutos,Crimson-eyed Rose-mallow,common_name,crimson eyed rose mallow
Hibiscus moscheutos,Marshmallow Hibiscus,common_name,marshmallow hibiscus
Hydrocotyle umbellata,Hydrocotyle umbellata,scientific,hydrocotyle umbellata
Hydrocotyle umbellata,Manyflower Marsh-pennywort,common_name,manyflower marsh pennywort
Hydrocotyle umbellata,Many-flowered Marsh-pennywort,common_name,many flowered marsh pennywort
Hydrocotyle umbellata,Marsh Pennywort,common_name,marsh pennywort
Hydrocotyle umbellata,Water Pennywort,common_name,water pennywort
Hydrocotyle umbellata,Money Plant,common_name,money plant
Ipomopsis rubra,Ipomopsis rubra,scientific,ipomopsis rubra
Ipomopsis rubra,Standing Cypress,common_name,standing cypress
Ipomopsis rubra,Texas Plume,common_name,texas plume
Ipomopsis rubra,Red Texas Star,common_name,red texas star
Ipomopsis rubra,Red Gilia,common_name,red gilia
Justicia americana,Justicia americana,scientific,justicia americana
Justicia americana,American Water-willow,common_name,american water willow
Justicia americana,Water-willow,common_name,water willow
Liatris punctata var. mucronata,Liatris punctata var. mucronata,scientific,liatris punctata var mucronata
Liatris punctata var. mucronata,Gayfeather,common_name,gayfeather
Lindheimera texana,Lindheimera texana,scientific,lindheimera texana
Lindheimera texana,Texas Yellowstar,common_name,texas yellowstar
Lindheimera texana,Texas Star,common_name,texas star
Lindheimera texana,Texas Yellow-star,common_name,texas yellow star
Lindheimera texana,Lindheimer Daisy,common_name,lindheimer daisy
Lobelia cardinalis,Lobelia cardinalis,scientific,lobelia cardinalis
Lobelia cardinalis,Cardinal Flower,common_name,cardinal flower
Ludwigia octovalvis,Ludwigia octovalvis,scientific,ludwigia octovalvis
Ludwigia octovalvis,Mexican Primrose-willow,common_name,mexican primrose willow
Ludwigia octovalvis,Narrow-leaf Water Primrose,common_name,narrow leaf water primrose
Ludwigia octovalvis,Seedbox,common_name,seedbox
Lupinus texensis,Lupinus texensis,scientific,lupinus texensis
Lupinus texensis,Texas Bluebonnet,common_name,texas bluebonnet
Lupinus texensis,Bluebonnet,common_name,bluebonnet
Lupinus texensis,Texas Lupine,common_name,texas lupine
Lupinus texensis,Buffalo Clover,common_name,buffalo clover
Lupinus texensis,Wolf Flower,common_name,wolf flower
Marshallia caespitosa,Marshallia caespitosa,scientific,marshallia caespitosa
Marshallia caespitosa,Barbara's-buttons,common_name,barbara s buttons
Marshallia caespitosa,Puffballs,common_name,puffballs
Marshallia caespitosa,White Barbara's-buttons,common_name,white barbara s buttons
Melampodium leucanthum,Melampodium leucanthum,scientific,melampodium leucanthum
Melampodium leucanthum,Blackfoot Daisy,common_name,blackfoot daisy
Melampodium leucanthum,Rock Daisy,common_name,rock daisy
Melampodium leucanthum,Plains Blackfoot,common_name,plains blackfoot
Melampodium leucanthum,Arnica,common_name,arnica
Menodora longiflora,Menodora longiflora,scientific,menodora longiflora
Menodora longiflora,Showy Menodora,common_name,showy menodora
Menodora longiflora,Longflower menodora,common_name,longflower menodora
Monarda citriodora,Monarda citriodora,scientific,monarda citriodora
Monarda citriodora,Lemon Beebalm,common_name,lemon beebalm
Monarda citriodora,Purple Horsemint,common_name,purple horsemint
Monarda citriodora,Lemon Mint,common_name,lemon mint
Monarda citriodora,Plains Horsemint,common_name,plains horsemint
Monarda citriodora,Lemon Horsemint,common_name,lemon horsemint
Monarda citriodora,Horsemint,common_name,horsemint
Monarda citriodora,Purple Lemon Mint,common_name,purple lemon mint
Monarda fistulosa,Monarda fistulosa,scientific,monarda fistulosa
Monarda fistulosa,Wild Bergamot,common_name,wild bergamot
Monarda fistulosa,Beebalm,npsot_common_name,beebalm
Monarda punctata,Monarda punctata,scientific,monarda punctata
Monarda punctata,Spotted Beebalm,common_name,spotted beebalm
Nemophila phacelioides,Nemophila phacelioides,scientific,nemophila phacelioides
Nemophila phacelioides,Texas Baby Blue Eyes,common_name,texas baby blue eyes
Nemophila phacelioides,Large-flower Baby-blue-eyes,common_name,large flower baby blue eyes
Nemophila phacelioides,Baby Blue-eyes,common_name,baby blue eyes
Nemophila phacelioides,Flannel Breeches,common_name,flannel breeches
Neptunia lutea,Neptunia lutea,scientific,neptunia lutea
Neptunia lutea,Yellow Sensitive Briar,common_name,yellow sensitive briar
Neptunia lutea,Yellow Puff,common_name,yellow puff
Oenothera jamesii,Oenothera jamesii,scientific,oenothera jamesii
Oenothera jamesii,Trumpet Evening-primrose,common_name,trumpet evening primrose
Oenothera jamesii,River Primrose,common_name,river primrose
Oenothera lindheimeri,Oenothera lindheimeri,scientific,oenothera lindheimeri
Oenothera lindheimeri,Pink Gaura,common_name,pink gaura
Oenothera macrocarpa,Oenothera macrocarpa,scientific,oenothera macrocarpa
Oenothera macrocarpa,Missouri Primrose,common_name,missouri primrose
Oenothera macrocarpa,Fluttermills,common_name,fluttermills
Oenothera speciosa,Oenothera speciosa,scientific,oenothera speciosa
Oenothera speciosa,Pink Evening Primrose,common_name,pink evening primrose
Oenothera speciosa,Showy Evening Primrose,common_name,showy evening primrose
Oenothera speciosa,Mexican Evening Primrose,common_name,mexican evening primrose
Oenothera speciosa,Showy Primrose,common_name,showy primrose
Oenothera speciosa,Pink Ladies,common_name,pink ladies
Oenothera speciosa,Buttercups,common_name,buttercups
Oenothera speciosa,Pink Buttercups,common_name,pink buttercups
Onosmodium bejariense var. bejariense,Onosmodium bejariense var. bejariense,scientific,onosmodium bejariense var bejariense
Onosmodium bejariense var. bejariense,Marbleseed,common_name,marbleseed
Onosmodium bejariense var. bejariense,False Gromwell,npsot_common_name,false gromwell
Packera obovata,Packera obovata,scientific,packera obovata
Packera obovata,Golden Groundsel,common_name,golden groundsel
Packera obovata,Roundleaf Groundsel,common_name,roundleaf groundsel
Packera obovata,Roundleaf Ragwort,common_name,roundleaf ragwort
Penstemon cobaea,Penstemon cobaea,scientific,penstemon cobaea
Penstemon cobaea,Prairie Penstemon,common_name,prairie penstemon
Penstemon cobaea,Prairie Beardtongue,common_name,prairie beardtongue
Penstemon cobaea,Foxglove Penstemon,common_name,foxglove penstemon
Penstemon cobaea,Foxglove Beardtongue,common_name,foxglove beardtongue
Penstemon cobaea,False Foxglove,common_name,false foxglove
Penstemon cobaea,Large-flowered Penstemon,common_name,large flowered penstemon
Penstemon cobaea,Large-flowered Beardtongue,common_name,large flowered beardtongue
Penstemon cobaea,Cobaea Penstemon,common_name,cobaea penstemon
Penstemon cobaea,Cobaea Beardtongue,common_name,cobaea beardtongue
Penstemon cobaea,Wild Foxglove,common_name,wild foxglove
Penstemon triflorus,Penstemon triflorus,scientific,penstemon triflorus
Penstemon triflorus,Hill Country Penstemon,common_name,hill country penstemon
Penstemon triflorus,Hill Country Beardtongue,common_name,hill country beardtongue
Penstemon triflorus,Scarlet Penstemon,common_name,scarlet penstemon
Penstemon triflorus,Scarlet Beardtongue,common_name,scarlet beardtongue
Penstemon triflorus,Heller's Penstemon,common_name,heller s penstemon
Penstemon triflorus,Heller's Beardtongue,common_name,heller s beardtongue
Phacelia congesta,Phacelia congesta,scientific,phacelia congesta
Phacelia congesta,Caterpillars,common_name,caterpillars
Phacelia congesta,Blue Curls,common_name,blue curls
Phacelia congesta,Fiddleneck,common_name,fiddleneck
Phlox drummondii,Phlox drummondii,scientific,phlox drummondii
Phlox drummondii,Annual Phlox,common_name,annual phlox
Phlox drummondii,Drummond Phlox,common_name,drummond phlox
Phlox drummondii,Pride-of-Texas,common_name,pride of texas
Phlox drummondii,Texas Pride,common_name,texas pride
Phlox drummondii,Drummond's Phlox,npsot_common_name,drummond s phlox
Phlox pilosa,Phlox pilosa,scientific,phlox pilosa
Phlox pilosa,Downy Phlox,common_name,downy phlox
Phlox pilosa,Prairie Phlox,common_name,prairie phlox
Phlox pilosa,Fragrant Phlox,common_name,fragrant phlox
Phyla nodiflora,Phyla nodiflora,scientific,phyla nodiflora
Phyla nodiflora,Texas Frogfruit,common_name,texas frogfruit
Phyla nodiflora,Turkey Tangle Fogfruit,common_name,turkey tangle fogfruit
Phyla nodiflora,Frogfruit,common_name,frogfruit
Physostegia angustifolia,Physostegia angustifolia,scientific,physostegia angustifolia
Physostegia angustifolia,Spring Obedient,common_name,spring obedient
Physostegia angustifolia,Flase Dragon Head,common_name,flase dragon head
Physostegia correllii,Physostegia correllii,scientific,physostegia correllii
Physostegia correllii,Correll's False Dragonhead,common_name,correll s false dragonhead
Physostegia virginiana,Physostegia virginiana,scientific,physostegia virginiana
Physostegia virginiana,Fall Obedient Plant,common_name,fall obedient plant
Physostegia virginiana,False Dragonhead,common_name,false dragonhead
Physostegia virginiana,Virginia Lions-heart,common_name,virginia lions heart
Physostegia virginiana,Obedient Plant,npsot_common_name,obedient plant
Pluchea odorata,Pluchea odorata,scientific,pluchea odorata
Pluchea odorata,Sweetscent,common_name,sweetscent
Pluchea odorata,Saltmarsh Fleabane,common_name,saltmarsh fleabane
Pontederia cordata,Pontederia cordata,scientific,pontederia cordata
Pontederia cordata,Pickerelweed,common_name,pickerelweed
Pontederia cordata,Pickerel Rush,common_name,pickerel rush
Ranunculus macranthus,Ranunculus macranthus,scientific,ranunculus macranthus
Ranunculus macranthus,Large Buttercup,common_name,large buttercup
Ranunculus macranthus,Big Buttercup,npsot_common_name,big buttercup
Ratibida columnifera,Ratibida columnifera,scientific,ratibida columnifera
Ratibida columnifera,Mexican Hat,common_name,mexican hat
Ratibida columnifera,Red-spike Mexican Hat,common_name,red spike mexican hat
Ratibida columnifera,Upright Prairie Coneflower,common_name,upright prairie coneflower
Ratibida columnifera,Prairie Coneflower,common_name,prairie coneflower
Ratibida columnifera,Long-headed Coneflower,common_name,long headed coneflower
Ratibida columnifera,Thimbleflower,common_name,thimbleflower
Rhynchospora colorata,Rhynchospora colorata,scientific,rhynchospora colorata
Rhynchospora colorata,Whitetop Sedge,common_name,whitetop sedge
Rhynchospora colorata,White-topped Sedge,common_name,white topped sedge
Rhynchospora colorata,Starrush Whitetop,common_name,starrush whitetop
Rhynchospora colorata,Star Sedge,common_name,star sedge
Rhynchospora colorata,Star Rush,common_name,star rush
Rudbeckia hirta,Rudbeckia hirta,scientific,rudbeckia hirta
Rudbeckia hirta,Black-eyed Susan,common_name,black eyed susan
Rudbeckia hirta,Common Black-eyed Susan,common_name,common black eyed susan
Rudbeckia hirta,Brown-eyed Susan,common_name,brown eyed susan
Rudbeckia hirta,Blackeyed Susan,common_name,blackeyed susan
Ruellia humilis,Ruellia humilis,scientific,ruellia humilis
Ruellia humilis,Prairie Petunia,common_name,prairie petunia
Ruellia nudiflora,Ruellia nudiflora,scientific,ruellia nudiflora
Ruellia nudiflora,Violet Ruellia,common_name,violet ruellia
Ruellia nudiflora,Common Wild Petunia,common_name,common wild petunia
Ruellia nudiflora,Violet Wild Petunia,common_name,violet wild petunia
Ruellia nudiflora,Wild Petunia,common_name,wild petunia
Ruellia nudiflora,Hierba De La Calentura,common_name,hierba de la calentura
Sagittaria lancifolia,Sagittaria lancifolia,scientific,sagittaria lancifolia
Sagittaria lancifolia,Lanceleaf Arrowhead,common_name,lanceleaf arrowhead
Sagittaria platyphylla,Sagittaria platyphylla,scientific,sagittaria platyphylla
Sagittaria platyphylla,Delta Arrowhead,common_name,delta arrowhead
Salvia azurea,Salvia azurea,scientific,salvia azurea
Salvia azurea,Pitcher Sage,common_name,pitcher sage
Salvia azurea,Blue Sage,common_name,blue sage
Salvia azurea,Azure Sage,npsot_common_name,azure sage
Salvia coccinea,Salvia coccinea,scientific,salvia coccinea
Salvia coccinea,Scarlet Sage,common_name,scarlet sage
Salvia coccinea,Tropical Sage,common_name,tropical sage
Salvia coccinea,Blood Sage,common_name,blood sage
Salvia coccinea,Red Sage,common_name,red sage
Salvia coccinea,Indian Fire,common_name,indian fire
Salvia engelmannii,Salvia engelmannii,scientific,salvia engelmannii
Salvia engelmannii,Engelmann's Sage,common_name,engelmann s sage
Salvia engelmannii,Engelmann's Salvia,common_name,engelmann s salvia
Salvia farinacea,Salvia farinacea,scientific,salvia farinacea
Salvia farinacea,Mealy Blue Sage,common_name,mealy blue sage
Salvia farinacea,Mealy Sage,common_name,mealy sage
Salvia farinacea,Mealycup Sage,common_name,mealycup sage
Salvia lyrata,Salvia lyrata,scientific,salvia lyrata
Salvia lyrata,Lyreleaf Sage,common_name,lyreleaf sage
Salvia lyrata,Cancer Weed,common_name,cancer weed
Salvia lyrata,Lyre Leaf Sage,npsot_common_name,lyre leaf sage
Salvia pentstemonoides,Salvia pentstemonoides,scientific,salvia pentstemonoides
Salvia pentstemonoides,Big Red Sage,common_name,big red sage
Salvia roemeriana,Salvia roemeriana,scientific,salvia roemeriana
Salvia roemeriana,Cedar Sage,common_name,cedar sage
Salvia texana,Salvia texana,scientific,salvia texana
Salvia texana,Texas Sage,common_name,texas sage
Salvia texana,Blue Sage,common_name,blue sage
Saururus cernuus,Saururus cernuus,scientific,saururus cernuus
Saururus cernuus,Lizard's Tail,common_name,lizard s tail
Saururus cernuus,Lizard Tail,common_name,lizard tail
Saururus cernuus,Breastweed,common_name,breastweed
Saururus cernuus,Water Dragon,common_name,water dragon
Scutellaria ovata,Scutellaria ovata,scientific,scutellaria ovata
Scutellaria ovata,Heartleaf Skullcap,common_name,heartleaf skullcap
Scutellaria ovata,Heart-leaf Skullcap,common_name,heart leaf skullcap
Scutellaria wrightii,Scutellaria wrightii,scientific,scutellaria wrightii
Scutellaria wrightii,Wright's Skullcap,common_name,wright s skullcap
Scutellaria wrightii,Bushy Skullcap,common_name,bushy skullcap
Scutellaria wrightii,Shrubby Skullcap,common_name,shrubby skullcap
Senna roemeriana,Senna roemeriana,scientific,senna roemeriana
Senna roemeriana,Twoleaf Senna,common_name,twoleaf senna
Senna roemeriana,Two Leaved Senna,common_name,two leaved senna
Silphium albiflorum,Silphium albiflorum,scientific,silphium albiflorum
Silphium albiflorum,White Rosinweed,common_name,white rosinweed
Silphium albiflorum,White-flowered Rosinweed,common_name,white flowered rosinweed
Silphium albiflorum,Compass Plant,common_name,compass plant
Sisyrinchium angustifolium,Sisyrinchium angustifolium,scientific,sisyrinchium angustifolium
Sisyrinchium angustifolium,Narrowleaf Blue-eyed Grass,common_name,narrowleaf blue eyed grass
Sisyrinchium angustifolium,Narrow-leaf Blue-eyed-grass,common_name,narrow leaf blue eyed grass
Sisyrinchium angustifolium,Bermuda Blue-eyed Grass,common_name,bermuda blue eyed grass
Sisyrinchium angustifolium,Blue-eyed Grass,common_name,blue eyed grass
Solanum triquetrum,Solanum triquetrum,scientific,solanum triquetrum
Solanum triquetrum,Texas Nightshade,common_name,texas nightshade
Solanum triquetrum,Hierba Mora,common_name,hierba mora
Solidago altissima,Solidago altissima,scientific,solidago altissima
Solidago altissima,Tall Goldenrod,common_name,tall goldenrod
Solidago altissima,Late Goldenrod,common_name,late goldenrod
Solidago altissima,Canadian Goldenrod,common_name,canadian goldenrod
Solidago altissima,Canada Goldenrod,common_name,canada goldenrod
Solidago nemoralis,Solidago nemoralis,scientific,solidago nemoralis
Solidago nemoralis,Gray Goldenrod,common_name,gray goldenrod
Solidago nemoralis,Prairie Goldenrod,common_name,prairie goldenrod
Solidago nemoralis,Oldfield Goldenrod,common_name,oldfield goldenrod
Solidago nemoralis,Grayleaf Goldenrod,common_name,grayleaf goldenrod
Solidago nemoralis,Gray-leaved Goldenrod,common_name,gray leaved goldenrod
Solidago nemoralis,Dyersweed Goldenrod,common_name,dyersweed goldenrod
Solidago nemoralis,Dwarf Goldenrod,common_name,dwarf goldenrod
Solidago nemoralis,Field Goldenrod,common_name,field goldenrod
Symphyotrichum ericoides,Symphyotrichum ericoides,scientific,symphyotrichum ericoides
Symphyotrichum ericoides,White Heath Aster,common_name,white heath aster
Symphyotrichum ericoides,Heath Aster,common_name,heath aster
Symphyotrichum oblongifolium,Symphyotrichum oblongifolium,scientific,symphyotrichum oblongifolium
Symphyotrichum oblongifolium,Aromatic Aster,common_name,aromatic aster
Symphyotrichum oblongifolium,Aromatic American Aster,common_name,aromatic american aster
Symphyotrichum oblongifolium,Fall Aster,common_name,fall aster
Symphyotrichum oblongifolium,Wild Blue Aster,common_name,wild blue aster
Symphyotrichum oblongifolium,Shale Aster,common_name,shale aster
Symphyotrichum praealtum,Symphyotrichum praealtum,scientific,symphyotrichum praealtum
Symphyotrichum praealtum,Willowleaf Aster,common_name,willowleaf aster
Tetraneuris scaposa,Tetraneuris scaposa,scientific,tetraneuris scaposa
Tetraneuris scaposa,Four-nerve Daisy,common_name,four nerve daisy
Tetraneuris scaposa,Hymenoxys,common_name,hymenoxys
Tetraneuris scaposa,Stemmy Four-nerve Daisy,common_name,stemmy four nerve daisy
Tetraneuris scaposa,Yellow Daisy,common_name,yellow daisy
Tetraneuris scaposa,Bitterweed,common_name,bitterweed
Teucrium canadense,Teucrium canadense,scientific,teucrium canadense
Teucrium canadense,American Germander,common_name,american germander
Teucrium canadense,Canada Germander,common_name,canada germander
Teucrium canadense,Canadian Germander,common_name,canadian germander
Teucrium canadense,Germander,common_name,germander
Teucrium canadense,Hairy Germander,common_name,hairy germander
Teucrium canadense,Wood Sage,common_name,wood sage
Teucrium cubense,Teucrium cubense,scientific,teucrium cubense
Teucrium cubense,Small Coastal Germander,common_name,small coastal germander
Thelesperma simplicifolium,Thelesperma simplicifolium,scientific,thelesperma simplicifolium
Thelesperma simplicifolium,Navajo Tea,common_name,navajo tea
Thelesperma simplicifolium,Slender greenthread,common_name,slender greenthread
Tinantia anomala,Tinantia anomala,scientific,tinantia anomala
Tinantia anomala,False Dayflower,common_name,false dayflower
Tradescantia gigantea,Tradescantia gigantea,scientific,tradescantia gigantea
Tradescantia gigantea,Spiderwort,common_name,spiderwort
Tradescantia gigantea,Giant spiderwort,common_name,giant spiderwort
Tradescantia humilis,Tradescantia humilis,scientific,tradescantia humilis
Tradescantia humilis,Texas Spiderwort,common_name,texas spiderwort
Tradescantia occidentalis,Tradescantia occidentalis,scientific,tradescantia occidentalis
Tradescantia occidentalis,Prairie Spiderwort,common_name,prairie spiderwort
Tradescantia occidentalis,Western Spiderwort,common_name,western spiderwort
Tradescantia occidentalis,Spiderwort,common_name,spiderwort
Verbena xutha,Verbena xutha,scientific,verbena xutha
Verbena xutha,Gulf Vervain,common_name,gulf vervain
Verbesina encelioides,Verbesina encelioides,scientific,verbesina encelioides
Verbesina encelioides,Cowpen Daisy,common_name,cowpen daisy
Verbesina encelioides,Golden Crownbeard,common_name,golden crownbeard
Verbesina encelioides,Butter Daisy,common_name,butter daisy
Verbesina virginica,Verbesina virginica,scientific,verbesina virginica
Verbesina virginica,Frostweed,common_name,frostweed
Verbesina virginica,White Crownbeard,common_name,white crownbeard
Verbesina virginica,Iceplant,common_name,iceplant
Verbesina virginica,Iceweed,common_name,iceweed
Verbesina virginica,Virginia Crownbeard,common_name,virginia crownbeard
Verbesina virginica,Indian Tobacco,common_name,indian tobacco
Verbesina virginica,Richweed,common_name,richweed
Verbesina virginica,Squawweed,common_name,squawweed
Vernonia baldwinii,Vernonia baldwinii,scientific,vernonia baldwinii
Vernonia baldwinii,Western Ironweed,common_name,western ironweed
Vernonia baldwinii,Baldwin's Ironweed,common_name,baldwin s ironweed
Vernonia baldwinii,Ironweed,common_name,ironweed
Vernonia ×guadalupensis,Vernonia ×guadalupensis,scientific,vernonia xguadalupensis
Vernonia ×guadalupensis,Vernonia x guadalupensis,scientific_variant,vernonia x guadalupensis
Vernonia ×guadalupensis,Guadalupe Ironweed,common_name,guadalupe ironweed
Vernonia lindheimeri,Vernonia lindheimeri,scientific,vernonia lindheimeri
Vernonia lindheimeri,Woolly Ironweed,common_name,woolly ironweed
Viola missouriensis,Viola missouriensis,scientific,viola missouriensis
Viola missouriensis,Missouri Violet,common_name,missouri violet
Rivina humilis,Rivina humilis,scientific,rivina humilis
Rivina humilis,Pigeonberry,common_name,pigeonberry
Rivina humilis,Rouge Plant,common_name,rouge plant
Rivina humilis,Baby-peppers,common_name,baby peppers
Rivina humilis,Bloodberry,common_name,bloodberry
Ageratina havanensis,Ageratina havanensis,scientific,ageratina havanensis
Ageratina havanensis,Shrubby Boneset,common_name,shrubby boneset
Ageratina havanensis,White Mistflower,common_name,white mistflower
Ageratina havanensis,White Shrub Mistflower,common_name,white shrub mistflower
Ageratina havanensis,Havana Snakeroot,common_name,havana snakeroot
Aloysia gratissima,Aloysia gratissima,scientific,aloysia gratissima
Aloysia gratissima,Whitebrush,common_name,whitebrush
Aloysia gratissima,Bee-brush,common_name,bee brush
Aloysia gratissima,White-brush,common_name,white brush
Aloysia gratissima,Common Bee-brush,common_name,common bee brush
Aloysia gratissima,Beebrush,common_name,beebrush
Aloysia gratissima,Privet Lippia,common_name,privet lippia
Amorpha canescens,Amorpha canescens,scientific,amorpha canescens
Amorpha canescens,Leadplant,common_name,leadplant
Amorpha fruticosa,Amorpha fruticosa,scientific,amorpha fruticosa
Amorpha fruticosa,Indigo Bush,common_name,indigo bush
Amorpha fruticosa,False Indigo Bush,common_name,false indigo bush
Amorpha fruticosa,False Indigo,common_name,false indigo
Amorpha fruticosa,Desert False Indigo,common_name,desert false indigo
Amorpha roemeriana,Amorpha roemeriana,scientific,amorpha roemeriana
Amorpha roemeriana,Texas Indigo Bush,common_name,texas indigo bush
Amorpha roemeriana,Roemer's false indigo,common_name,roemer s false indigo
Anisacanthus quadrifidus var. wrightii,Anisacanthus quadrifidus var. wrightii,scientific,anisacanthus quadrifidus var wrightii
Anisacanthus quadrifidus var. wrightii,Flame Acanthus,common_name,flame acanthus
Bernardia myricifolia,Bernardia myricifolia,scientific,bernardia myricifolia
Bernardia myricifolia,Mouse Ears,common_name,mouse ears
Callicarpa americana,Callicarpa americana,scientific,callicarpa americana
Callicarpa americana,American Beautyberry,common_name,american beautyberry
Callicarpa americana,French Mulberry,common_name,french mulberry
Celtis ehrenbergiana,Celtis ehrenbergiana,scientific,celtis ehrenbergiana
Celtis ehrenbergiana,Desert (Spiny) Hackberry,common_name,desert spiny hackberry
Cephalanthus occidentalis,Cephalanthus occidentalis,scientific,cephalanthus occidentalis
Cephalanthus occidentalis,Common Buttonbush,common_name,common buttonbush
Cephalanthus occidentalis,Buttonbush,common_name,buttonbush
Cephalanthus occidentalis,Button Willow,common_name,button willow
Cephalanthus occidentalis,Honey Bells,common_name,honey bells
Cephalanthus occidentalis,Honeybells,common_name,honeybells
Cephalanthus occidentalis,Honey Balls,common_name,honey balls
Cephalanthus occidentalis,Honeyballs,common_name,honeyballs
Cephalanthus occidentalis,Button-bush,common_name,button bush
Chloracantha spinosa,Chloracantha spinosa,scientific,chloracantha spinosa
Chloracantha spinosa,Spiny Chloracantha,common_name,spiny chloracantha
Chloracantha spinosa,Mexican Devil-weed,common_name,mexican devil weed
Colubrina texensis,Colubrina texensis,scientific,colubrina texensis
Colubrina texensis,Texas Hogplum,common_name,texas hogplum
Colubrina texensis,Texas Hogplum | Texas Hog Plum,microregion_common_name,texas hogplum texas hog plum
Colubrina texensis,Texas Hog Plum,npsot_common_name,texas hog plum
Condalia hookeri,Condalia hookeri,scientific,condalia hookeri
Condalia hookeri,Brasil,common_name,brasil
Condalia hookeri,Bluewood Condalia,npsot_common_name,bluewood condalia
Erythrina herbacea,Erythrina herbacea,scientific,erythrina herbacea
Erythrina herbacea,Coral Bean,common_name,coral bean
Eysenhardtia texana,Eysenhardtia texana,scientific,eysenhardtia texana
Eysenhardtia texana,Texas Kidneywood,common_name,texas kidneywood
Eysenhardtia texana,Kidneywood,common_name,kidneywood
Eysenhardtia texana,Bee Brush,common_name,bee brush
Eysenhardtia texana,Vara Dulce,common_name,vara dulce
Eysenhardtia texana,Palo Dulce,common_name,palo dulce
Forestiera pubescens,Forestiera pubescens,scientific,forestiera pubescens
Forestiera pubescens,Elbowbush,common_name,elbowbush
Forestiera pubescens,Stretchberry,common_name,stretchberry
Forestiera pubescens,Spring Herald,common_name,spring herald
Forestiera pubescens,Desert Olive,common_name,desert olive
Forestiera pubescens,Tanglewood,common_name,tanglewood
Forestiera pubescens,Devil's Elbow,common_name,devil s elbow
Forestiera pubescens,Spring Goldenglow,common_name,spring goldenglow
Forestiera pubescens,New Mexico Privet,common_name,new mexico privet
Forestiera pubescens,Texas Forsythia,common_name,texas forsythia
Frangula caroliniana,Frangula caroliniana,scientific,frangula caroliniana
Frangula caroliniana,Carolina Buckthorn,common_name,carolina buckthorn
Frangula caroliniana,Carolina False Buckthorn,common_name,carolina false buckthorn
Frangula caroliniana,Yellow Buckthorn,common_name,yellow buckthorn
Frangula caroliniana,Indian Cherry,common_name,indian cherry
Frangula caroliniana,Yellowwood,common_name,yellowwood
Garrya ovata ssp. lindheimeri,Garrya ovata ssp. lindheimeri,scientific,garrya ovata ssp lindheimeri
Garrya ovata ssp. lindheimeri,Mexican Silktassel,common_name,mexican silktassel
Garrya ovata ssp. lindheimeri,Lindheimer's Silktassel,common_name,lindheimer s silktassel
Lantana urticoides,Lantana urticoides,scientific,lantana urticoides
Lantana urticoides,Texas Lantana,common_name,texas lantana
Lantana urticoides,Calico Bush,common_name,calico bush
Leucophyllum frutescens,Leucophyllum frutescens,scientific,leucophyllum frutescens
Leucophyllum frutescens,Cenizo,common_name,cenizo
Leucophyllum frutescens,Purple Sage,common_name,purple sage
Leucophyllum frutescens,Texas Ranger,common_name,texas ranger
Leucophyllum frutescens,Texas Barometer Bush,common_name,texas barometer bush
Leucophyllum frutescens,Texas Silverleaf,common_name,texas silverleaf
Leucophyllum frutescens,Texas Sage,common_name,texas sage
Leucophyllum frutescens,Silverleaf,common_name,silverleaf
Lindera benzoin,Lindera benzoin,scientific,lindera benzoin
Lindera benzoin,Northern Spicebush,common_name,northern spicebush
Lindera benzoin,Spicebush,common_name,spicebush
Lindera benzoin,Wild Allspice,common_name,wild allspice
Mahonia swaseyi,Mahonia swaseyi,scientific,mahonia swaseyi
Mahonia swaseyi,Texas Barberry,common_name,texas barberry
Mahonia swaseyi,Texas Oregon-grape,common_name,texas oregon grape
Mahonia trifoliolata,Mahonia trifoliolata,scientific,mahonia trifoliolata
Mahonia trifoliolata,Agarita,common_name,agarita
Mahonia trifoliolata,Agarito,common_name,agarito
Mahonia trifoliolata,Algerita,common_name,algerita
Mahonia trifoliolata,Laredo Mahonia,common_name,laredo mahonia
Mahonia trifoliolata,Laredo Oregon-grape,common_name,laredo oregon grape
Mahonia trifoliolata,Trifoliate Barberry,common_name,trifoliate barberry
Mahonia trifoliolata,Wild Currant,common_name,wild currant
Malvaviscus arboreus var. drummondii,Malvaviscus arboreus var. drummondii,scientific,malvaviscus arboreus var drummondii
Malvaviscus arboreus var. drummondii,Turks Cap,common_name,turks cap
Mimosa borealis,Mimosa borealis,scientific,mimosa borealis
Mimosa borealis,Fragrant Mimosa,common_name,fragrant mimosa
Mimosa borealis,Pink Mimosa,common_name,pink mimosa
Mimosa texana,Mimosa texana,scientific,mimosa texana
Mimosa texana,Texas Mimosa,common_name,texas mimosa
Pavonia lasiopetala,Pavonia lasiopetala,scientific,pavonia lasiopetala
Pavonia lasiopetala,Rock Rose,common_name,rock rose
Pavonia lasiopetala,Rose Pavonia,common_name,rose pavonia
Pavonia lasiopetala,Rose Mallow,common_name,rose mallow
Pavonia lasiopetala,Pavonia,common_name,pavonia
Philadelphus texensis,Philadelphus texensis,scientific,philadelphus texensis
Philadelphus texensis,Texas Mock Orange,common_name,texas mock orange
Rhus aromatica,Rhus aromatica,scientific,rhus aromatica
Rhus aromatica,Fragrant Sumac,common_name,fragrant sumac
Rhus aromatica,Aromatic Sumac,common_name,aromatic sumac
Rhus aromatica,Lemon Sumac,common_name,lemon sumac
Rhus aromatica,Polecat Bush,common_name,polecat bush
Rhus microphylla,Rhus microphylla,scientific,rhus microphylla
Rhus microphylla,Littleleaf Sumac,common_name,littleleaf sumac
Rhus microphylla,Little Leaf Sumac,npsot_common_name,little leaf sumac
Rhus virens,Rhus virens,scientific,rhus virens
Rhus virens,Evergreen Sumac,common_name,evergreen sumac
Rhus virens,Tobacco Sumac,common_name,tobacco sumac
Rhus virens,Lambrisco,common_name,lambrisco
Rhus virens,Lentrisco,common_name,lentrisco
Sambucus nigra ssp. canadensis,Sambucus nigra ssp. canadensis,scientific,sambucus nigra ssp canadensis
Sambucus nigra ssp. canadensis,Common Elderberry,common_name,common elderberry
Symphoricarpos orbiculatus,Symphoricarpos orbiculatus,scientific,symphoricarpos orbiculatus
Symphoricarpos orbiculatus,Coralberry,common_name,coralberry
Symphoricarpos orbiculatus,Indian Currant,common_name,indian currant
Symphoricarpos orbiculatus,Buckbrush,common_name,buckbrush
Tecoma stans,Tecoma stans,scientific,tecoma stans
Tecoma stans,Yellow Bells,common_name,yellow bells
Viguiera dentata,Viguiera dentata,scientific,viguiera dentata
Viguiera dentata,Toothleaf goldeneye,common_name,toothleaf goldeneye
Viguiera dentata,Plateau Goldeneye,npsot_common_name,plateau goldeneye
Senna lindheimeriana,Senna lindheimeriana,scientific,senna lindheimeriana
Senna lindheimeriana,Lindheimer's Senna,common_name,lindheimer s senna
Senna lindheimeriana,Velvet Leaf Senna,common_name,velvet leaf senna
Senna lindheimeriana,Velvetleaf Senna,common_name,velvetleaf senna
Senna lindheimeriana,Velvet-leaf Wild Sensitive-plant,common_name,velvet leaf wild sensitive plant
Senna lindheimeriana,Puppy-dog Ears,common_name,puppy dog ears
Cornus drummondii,Cornus drummondii,scientific,cornus drummondii
Cornus drummondii,Roughleaf Dogwood,common_name,roughleaf dogwood
Cornus drummondii,Drummond's Dogwood,common_name,drummond s dogwood
Cornus drummondii,Rough-leaf Dogwood,common_name,rough leaf dogwood
Dermatophyllum secundiflorum,Dermatophyllum secundiflorum,scientific,dermatophyllum secundiflorum
Dermatophyllum secundiflorum,Texas Mountain Laurel,common_name,texas mountain laurel
Ilex decidua,Ilex decidua,scientific,ilex decidua
Ilex decidua,Possumhaw,common_name,possumhaw
Ilex decidua,Possumhaw Holly,common_name,possumhaw holly
Ilex decidua,Deciduous Holly,common_name,deciduous holly
Ilex decidua,Meadow Holly,common_name,meadow holly
Ilex decidua,Prairie Holly,common_name,prairie holly
Ilex decidua,Swamp Holly,common_name,swamp holly
Ilex decidua,Welk Holly,common_name,welk holly
Ilex decidua,Deciduous Yaupon,common_name,deciduous yaupon
Ilex decidua,Bearberry,common_name,bearberry
Ilex decidua,Winterberry,common_name,winterberry
Ilex vomitoria,Ilex vomitoria,scientific,ilex vomitoria
Ilex vomitoria,Yaupon,common_name,yaupon
Ilex vomitoria,Yaupon Holly,common_name,yaupon holly
Ilex vomitoria,Cassina,common_name,cassina
Leucaena retusa,Leucaena retusa,scientific,leucaena retusa
Leucaena retusa,Goldenball Leadtree,common_name,goldenball leadtree
Leucaena retusa,Littleleaf Leadtree,common_name,littleleaf leadtree
Leucaena retusa,Little Leucaena,common_name,little leucaena
Leucaena retusa,Lemonball,common_name,lemonball
Leucaena retusa,Wahoo Tree,common_name,wahoo tree
Prunus angustifolia,Prunus angustifolia,scientific,prunus angustifolia
Prunus angustifolia,Chickasaw Plum,common_name,chickasaw plum
Prunus angustifolia,Sandhill Plum,common_name,sandhill plum
Rhus lanceolata,Rhus lanceolata,scientific,rhus lanceolata
Rhus lanceolata,Prairie Flameleaf Sumac,common_name,prairie flameleaf sumac
Rhus lanceolata,Flameleaf Sumac,common_name,flameleaf sumac
Rhus lanceolata,Prairie Sumac,common_name,prairie sumac
Rhus lanceolata,Lance-leaf Sumac,common_name,lance leaf sumac
Rhus lanceolata,Lance-leaved Sumac,common_name,lance leaved sumac
Rhus lanceolata,Texas Sumac,common_name,texas sumac
Rhus lanceolata,Tree Sumac,common_name,tree sumac
Rhus lanceolata,Limestone Sumac,common_name,limestone sumac
Rhus lanceolata,Prairie Shining Sumac,common_name,prairie shining sumac
Sambucus nigra,Sambucus nigra,scientific,sambucus nigra
Sambucus nigra,Black Elderberry,common_name,black elderberry
Senegalia greggii,Senegalia greggii,scientific,senegalia greggii
Senegalia greggii,Gregg Acacia,common_name,gregg acacia
Senegalia greggii,Gregg's Acacia,common_name,gregg s acacia
Senegalia greggii,Gregg Catclaw Acacia,common_name,gregg catclaw acacia
Senegalia greggii,Gregg's Catclaw Acacia,common_name,gregg s catclaw acacia
Senegalia greggii,Gregg Catclaw,common_name,gregg catclaw
Senegalia greggii,Gregg's Catclaw,common_name,gregg s catclaw
Senegalia greggii,Texas Catclaw Acacia,common_name,texas catclaw acacia
Senegalia greggii,Texas Catclaw,common_name,texas catclaw
Senegalia greggii,Long-flowered Catclaw Acacia,common_name,long flowered catclaw acacia
Senegalia greggii,Longflower Catclaw Acacia,common_name,longflower catclaw acacia
Senegalia greggii,Long-flowered Catclaw,common_name,long flowered catclaw
Senegalia greggii,Longflower Catclaw,common_name,longflower catclaw
Senegalia greggii,Catclaw Acacia,common_name,catclaw acacia
Senegalia greggii,Catclaw,common_name,catclaw
Senegalia greggii,Devil's Claw,common_name,devil s claw
Senegalia greggii,Uña De Gato,common_name,u a de gato
Senegalia wrightii,Senegalia wrightii,scientific,senegalia wrightii
Senegalia wrightii,Wright Acacia,common_name,wright acacia
Senegalia wrightii,Wright's Acacia,common_name,wright s acacia
Senegalia wrightii,Catclaw Acacia,common_name,catclaw acacia
Senegalia wrightii,Catclaw,common_name,catclaw
Vachellia farnesiana,Vachellia farnesiana,scientific,vachellia farnesiana
Vachellia farnesiana,Huisache,common_name,huisache
Vachellia farnesiana,Texas Huisache,common_name,texas huisache
Vachellia farnesiana,Sweet Acacia,common_name,sweet acacia
Vachellia farnesiana,Perfume Acacia,common_name,perfume acacia
Vachellia farnesiana,Mealy Acacia,common_name,mealy acacia
Vachellia farnesiana,Mealy Wattle,common_name,mealy wattle
Vachellia farnesiana,Cassie,common_name,cassie
Viburnum rufidulum,Viburnum rufidulum,scientific,viburnum rufidulum
Viburnum rufidulum,Rusty Blackhaw Viburnum,common_name,rusty blackhaw viburnum
Viburnum rufidulum,Rusty Blackhaw,common_name,rusty blackhaw
Viburnum rufidulum,Southern Blackhaw,common_name,southern blackhaw
Viburnum rufidulum,Blackhaw,common_name,blackhaw
Viburnum rufidulum,Bluehaw,common_name,bluehaw
Viburnum rufidulum,Downy Viburnum,common_name,downy viburnum
Viburnum rufidulum,Southern Nannyberry,common_name,southern nannyberry
Viburnum rufidulum,Rusty Nannyberry,common_name,rusty nannyberry
Viburnum rufidulum,Nannyberry,common_name,nannyberry
Abutilon fruticosum,Abutilon fruticosum,scientific,abutilon fruticosum
Abutilon fruticosum,Indian Mallow,common_name,indian mallow
Abutilon fruticosum,Texas Indian Mallow,common_name,texas indian mallow
Chrysactinia mexicana,Chrysactinia mexicana,scientific,chrysactinia mexicana
Chrysactinia mexicana,Damianita,common_name,damianita
Dalea frutescens,Dalea frutescens,scientific,dalea frutescens
Dalea frutescens,Black Dalea,common_name,black dalea
Dalea frutescens,Black Prairie Clover,common_name,black prairie clover
Penstemon baccharifolius,Penstemon baccharifolius,scientific,penstemon baccharifolius
Penstemon baccharifolius,Rock Penstemon,common_name,rock penstemon
Penstemon baccharifolius,Rock Beardtongue,common_name,rock beardtongue
Penstemon baccharifolius,Cut-leaf Penstemon,common_name,cut leaf penstemon
Penstemon baccharifolius,Cut-leaf Beardtongue,common_name,cut leaf beardtongue
Penstemon baccharifolius,Baccharis-leaf Penstemon,common_name,baccharis leaf penstemon
Penstemon baccharifolius,Baccharis-leaf Beardtongue,common_name,baccharis leaf beardtongue
Perityle lindheimeri,Perityle lindheimeri,scientific,perityle lindheimeri
Perityle lindheimeri,Rocky Daisy,common_name,rocky daisy
Perityle lindheimeri,Lindheimer's rock daisy,common_name,lindheimer s rock daisy
Salvia ballotiflora,Salvia ballotiflora,scientific,salvia ballotiflora
Salvia ballotiflora,Shrubby Blue Sage,common_name,shrubby blue sage
Salvia greggii,Salvia greggii,scientific,salvia greggii
Salvia greggii,Autumn Sage,common_name,autumn sage
Salvia greggii,Cherry Sage,common_name,cherry sage
Salvia greggii,Gregg Salvia,common_name,gregg salvia
Wedelia acapulcensis,Wedelia acapulcensis,scientific,wedelia acapulcensis
Wedelia acapulcensis,Orange Zexmenia,common_name,orange zexmenia
Wedelia acapulcensis var. hispida,Wedelia acapulcensis var. hispida,scientific,wedelia acapulcensis var hispida
Wedelia acapulcensis var. hispida,Zexmenia,common_name,zexmenia
Agave americana,Agave americana,scientific,agave americana
Agave americana,Blue Agave (Century Plant),common_name,blue agave century plant
Agave americana,Century Plant,npsot_common_name,century plant
Dasylirion texanum,Dasylirion texanum,scientific,dasylirion texanum
Dasylirion texanum,Texas Sotol,common_name,texas sotol
Dasylirion texanum,Sotol,common_name,sotol
Hesperaloe parviflora,Hesperaloe parviflora,scientific,hesperaloe parviflora
Hesperaloe parviflora,Red Yucca,common_name,red yucca
Hesperaloe parviflora,Coral Yucca,common_name,coral yucca
Hesperaloe parviflora,Red-flowered False Yucca,common_name,red flowered false yucca
Hesperaloe parviflora,Redflower False Yucca,common_name,redflower false yucca
Hesperaloe parviflora,Yellow Yucca,common_name,yellow yucca
Hesperaloe parviflora,Hummingbird Yucca,common_name,hummingbird yucca
Hesperaloe parviflora,Samandoque,common_name,samandoque
Manfreda maculosa,Manfreda maculosa,scientific,manfreda maculosa
Manfreda maculosa,False Aloe,common_name,false aloe
Manfreda maculosa,Spice Lily,common_name,spice lily
Nolina lindheimeriana,Nolina lindheimeriana,scientific,nolina lindheimeriana
Nolina lindheimeriana,Devil's Shoestring,common_name,devil s shoestring
Nolina lindheimeriana,Ribbon Grass,common_name,ribbon grass
Nolina texana,Nolina texana,scientific,nolina texana
Nolina texana,Texas Sacahuista,common_name,texas sacahuista
Nolina texana,Texas Beargrass,common_name,texas beargrass
Nolina texana,Basket Grass,common_name,basket grass
Nolina texana,Sacahuista,common_name,sacahuista
Nolina texana,Bunchgrass,common_name,bunchgrass
Nolina texana,Texas Bear-grass,common_name,texas bear grass
Opuntia engelmannii,Opuntia engelmannii,scientific,opuntia engelmannii
Opuntia engelmannii,Prickly Pear 'Englemann's',common_name,prickly pear englemann s
Opuntia engelmannii,Prickly Pear,npsot_common_name,prickly pear
Yucca constricta,Yucca constricta,scientific,yucca constricta
Yucca constricta,Buckley Yucca,common_name,buckley yucca
Yucca constricta,Buckley's Yucca,common_name,buckley s yucca
Yucca rupicola,Yucca rupicola,scientific,yucca rupicola
Yucca rupicola,Twistleaf Yucca,common_name,twistleaf yucca
Yucca rupicola,Twisted-leaf Yucca,common_name,twisted leaf yucca
Yucca rupicola,Texas Yucca,common_name,texas yucca
Yucca rupicola,Spanish Dagger,common_name,spanish dagger
Yucca treculeana,Yucca treculeana,scientific,yucca treculeana
Yucca treculeana,Spanish Dagger,common_name,spanish dagger
Yucca treculeana,Spanish Bayonet,common_name,spanish bayonet
Yucca treculeana,Don Quixote's Lance,common_name,don quixote s lance
Yucca treculeana,Palma Pita,common_name,palma pita
Yucca treculeana,Palma De Datil,common_name,palma de datil
Yucca treculeana,Palmito,common_name,palmito
Acer grandidentatum,Acer grandidentatum,scientific,acer grandidentatum
Acer grandidentatum,Bigtooth Maple,common_name,bigtooth maple
Acer grandidentatum,Big-toothed Maple,common_name,big toothed maple
Acer grandidentatum,Uvalde Bigtooth Maple,common_name,uvalde bigtooth maple
Acer grandidentatum,Southwestern Bigtooth Maple,common_name,southwestern bigtooth maple
Acer grandidentatum,Canyon Maple,common_name,canyon maple
Acer grandidentatum,Sabinal Maple,common_name,sabinal maple
Acer grandidentatum,Western Sugar Maple,common_name,western sugar maple
Acer negundo,Acer negundo,scientific,acer negundo
Acer negundo,Box Elder,common_name,box elder
Aesculus glabra,Aesculus glabra,scientific,aesculus glabra
Aesculus glabra,Ohio Buckeye,common_name,ohio buckeye
Aesculus glabra,Texas Buckeye,common_name,texas buckeye
Aesculus glabra,Fetid Buckeye,common_name,fetid buckeye
Aesculus glabra,Horse Chestnut,common_name,horse chestnut
Aesculus pavia,Aesculus pavia,scientific,aesculus pavia
Aesculus pavia,Red Buckeye,common_name,red buckeye
Aesculus pavia,Scarlet Buckeye,common_name,scarlet buckeye
Aesculus pavia,Firecracker Plant,common_name,firecracker plant
Arbutus xalapensis,Arbutus xalapensis,scientific,arbutus xalapensis
Arbutus xalapensis,Texas Madrone,common_name,texas madrone
Carya illinoinensis,Carya illinoinensis,scientific,carya illinoinensis
Carya illinoinensis,Pecan,common_name,pecan
Cercis canadensis var. mexicana,Cercis canadensis var. mexicana,scientific,cercis canadensis var mexicana
Cercis canadensis var. mexicana,Mexican Redbud,common_name,mexican redbud
Cercis canadensis var. texensis,Cercis canadensis var. texensis,scientific,cercis canadensis var texensis
Cercis canadensis var. texensis,Texas Redbud,common_name,texas redbud
Chilopsis linearis,Chilopsis linearis,scientific,chilopsis linearis
Chilopsis linearis,Desert Willow,common_name,desert willow
Chilopsis linearis,Flowering Willow,common_name,flowering willow
Chilopsis linearis,Willow-leaved Catalpa,common_name,willow leaved catalpa
Chilopsis linearis,Willowleaf Catalpa,common_name,willowleaf catalpa
Chilopsis linearis,Bow Willow,common_name,bow willow
Chilopsis linearis,Flor De Mimbre,common_name,flor de mimbre
Chilopsis linearis,Mimbre,common_name,mimbre
Cotinus obovatus,Cotinus obovatus,scientific,cotinus obovatus
Cotinus obovatus,American Smoke Tree,common_name,american smoke tree
Cotinus obovatus,Texas Smoke Tree,common_name,texas smoke tree
Cotinus obovatus,Wild Smoke Tree,common_name,wild smoke tree
Cotinus obovatus,Smoke Tree,common_name,smoke tree
Cotinus obovatus,Smokebush,common_name,smokebush
Cotinus obovatus,Chittamwood,common_name,chittamwood
Cotinus obovatus,American Smoketree,npsot_common_name,american smoketree
Diospyros texana,Diospyros texana,scientific,diospyros texana
Diospyros texana,Texas Persimmon,common_name,texas persimmon
Diospyros texana,Mexican Persimmon,common_name,mexican persimmon
Diospyros texana,Black Persimmon,common_name,black persimmon
Diospyros texana,Chapote,common_name,chapote
Diospyros texana,Chapote Prieto,common_name,chapote prieto
Diospyros virginiana,Diospyros virginiana,scientific,diospyros virginiana
Diospyros virginiana,Common Persimmon,common_name,common persimmon
Diospyros virginiana,Eastern Persimmon,common_name,eastern persimmon
Diospyros virginiana,Possumwood,common_name,possumwood
Diospyros virginiana,Date Plum,common_name,date plum
Diospyros virginiana,Winter Plum,common_name,winter plum
Diospyros virginiana,Jove's Fruit,common_name,jove s fruit
Ehretia anacua,Ehretia anacua,scientific,ehretia anacua
Ehretia anacua,Anacua,common_name,anacua
Ehretia anacua,Sugarberry Anacua,common_name,sugarberry anacua
Ehretia anacua,Anaqua,common_name,anaqua
Ehretia anacua,Anacahuita,common_name,anacahuita
Ehretia anacua,Knockaway,common_name,knockaway
Ehretia anacua,Knackaway,common_name,knackaway
Ehretia anacua,Sandpaper Tree,common_name,sandpaper tree
Ehretia anacua,Manzanita,common_name,manzanita
Ehretia anacua,Manzanillo,common_name,manzanillo
Ehretia anacua,Tlalahuacate,common_name,tlalahuacate
Fraxinus albicans,Fraxinus albicans,scientific,fraxinus albicans
Fraxinus albicans,Texas Ash,common_name,texas ash
Fraxinus albicans,Mountain Ash,common_name,mountain ash
Fraxinus pennsylvanica,Fraxinus pennsylvanica,scientific,fraxinus pennsylvanica
Fraxinus pennsylvanica,Green Ash Tree,common_name,green ash tree
Fraxinus pennsylvanica,Water Ash,common_name,water ash
Fraxinus pennsylvanica,Green Ash,npsot_common_name,green ash
Gleditsia triacanthos,Gleditsia triacanthos,scientific,gleditsia triacanthos
Gleditsia triacanthos,Honey Locust,common_name,honey locust
Gleditsia triacanthos,Common Honey Locust,common_name,common honey locust
Gleditsia triacanthos,Thorny Common Honey Locust,common_name,thorny common honey locust
Gleditsia triacanthos,Honey Shucks Locust,common_name,honey shucks locust
Gleditsia triacanthos,Sweet Locust,common_name,sweet locust
Gleditsia triacanthos,Thorny Locust,common_name,thorny locust
Gleditsia triacanthos,Honey Shucks,common_name,honey shucks
Gleditsia triacanthos,Sweet Bean Tree,common_name,sweet bean tree
Juglans microcarpa,Juglans microcarpa,scientific,juglans microcarpa
Juglans microcarpa,Littleleaf Walnut,common_name,littleleaf walnut
Juglans microcarpa,Little walnut,common_name,little walnut
Juglans nigra,Juglans nigra,scientific,juglans nigra
Juglans nigra,Black Walnut,common_name,black walnut
Juniperus ashei,Juniperus ashei,scientific,juniperus ashei
Juniperus ashei,Ashe Juniper,common_name,ashe juniper
Juniperus virginiana,Juniperus virginiana,scientific,juniperus virginiana
Juniperus virginiana,Eastern Red Cedar,common_name,eastern red cedar
Juniperus virginiana,Eastern Redcedar,common_name,eastern redcedar
Juniperus virginiana,Virginia Juniper,common_name,virginia juniper
Juniperus virginiana,Red Juniper,common_name,red juniper
Juniperus virginiana,Pencil Cedar,common_name,pencil cedar
Juniperus virginiana,Carolina Cedar,common_name,carolina cedar
Juniperus virginiana,Red Savin,common_name,red savin
Maclura pomifera,Maclura pomifera,scientific,maclura pomifera
Maclura pomifera,Osage Orange,common_name,osage orange
Maclura pomifera,Bois d' Arc,common_name,bois d arc
Maclura pomifera,Bodark,common_name,bodark
Maclura pomifera,Horse Apple,common_name,horse apple
Maclura pomifera,Hedge Apple,common_name,hedge apple
Maclura pomifera,Bowwood,common_name,bowwood
Maclura pomifera,Yellowwood,common_name,yellowwood
Maclura pomifera,Naranjo Chino,common_name,naranjo chino
Maclura pomifera,Monkey Brains,common_name,monkey brains
Malus ioensis var. texana,Malus ioensis var. texana,scientific,malus ioensis var texana
Malus ioensis var. texana,Blanco Crabapple,common_name,blanco crabapple
Morus microphylla,Morus microphylla,scientific,morus microphylla
Morus microphylla,Texas Mulberry,common_name,texas mulberry
Morus microphylla,Littleleaf Mulberry,common_name,littleleaf mulberry
Morus microphylla,Mountain Mulberry,common_name,mountain mulberry
Morus microphylla,Mexican Mulberry,common_name,mexican mulberry
Morus microphylla,Dwarf Mulberry,common_name,dwarf mulberry
Morus rubra,Morus rubra,scientific,morus rubra
Morus rubra,Red Mulberry,common_name,red mulberry
Morus rubra,Moral,common_name,moral
Parkinsonia aculeata,Parkinsonia aculeata,scientific,parkinsonia aculeata
Parkinsonia aculeata,Retama,common_name,retama
Platanus occidentalis,Platanus occidentalis,scientific,platanus occidentalis
Platanus occidentalis,American Sycamore,common_name,american sycamore
Platanus occidentalis,Eastern Sycamore,common_name,eastern sycamore
Platanus occidentalis,American Plane Tree,common_name,american plane tree
Platanus occidentalis,Plane Tree,common_name,plane tree
Platanus occidentalis,Buttonwood,common_name,buttonwood
Platanus occidentalis,Buttonball Tree,common_name,buttonball tree
Platanus occidentalis,Sycamore,npsot_common_name,sycamore
Populus deltoides,Populus deltoides,scientific,populus deltoides
Populus deltoides,Eastern Cottonwood,common_name,eastern cottonwood
Populus deltoides,Carolina Poplar,common_name,carolina poplar
Populus deltoides,Necklace Poplar,common_name,necklace poplar
Populus deltoides,Alamo,common_name,alamo
Prunus caroliniana,Prunus caroliniana,scientific,prunus caroliniana
Prunus caroliniana,Carolina Cherry-laurel,common_name,carolina cherry laurel
Prunus caroliniana,Cherry-laurel,common_name,cherry laurel
Prunus caroliniana,Laurel Cherry,common_name,laurel cherry
Prunus caroliniana,Carolina Laurel Cherry,common_name,carolina laurel cherry
Prunus mexicana,Prunus mexicana,scientific,prunus mexicana
Prunus mexicana,Mexican Plum,common_name,mexican plum
Prunus mexicana,Bigtree Plum,common_name,bigtree plum
Prunus mexicana,Inch Plum,common_name,inch plum
Prunus serotina,Prunus serotina,scientific,prunus serotina
Prunus serotina,Black Cherry,common_name,black cherry
Prunus serotina,Wild Black Cherry,common_name,wild black cherry
Prunus serotina,Rum Cherry,common_name,rum cherry
Prunus serotina var. eximia,Prunus serotina var. eximia,scientific,prunus serotina var eximia
Prunus serotina var. eximia,Escarpment Cherry,common_name,escarpment cherry
Prunus serotina var. eximia,Escarpment Black Cherry,npsot_common_name,escarpment black cherry
Ptelea trifoliata,Ptelea trifoliata,scientific,ptelea trifoliata
Ptelea trifoliata,Wafer Ash,common_name,wafer ash
Ptelea trifoliata,Common Hoptree,common_name,common hoptree
Ptelea trifoliata,Hop Tree,common_name,hop tree
Quercus buckleyi,Quercus buckleyi,scientific,quercus buckleyi
Quercus buckleyi,Texas Red Oak,common_name,texas red oak
Quercus buckleyi,Buckley Oak,common_name,buckley oak
Quercus buckleyi,Texas Oak,common_name,texas oak
Quercus buckleyi,Spanish Oak,common_name,spanish oak
Quercus buckleyi,Spotted Oak,common_name,spotted oak
Quercus buckleyi,Rock Oak,common_name,rock oak
Quercus fusiformis,Quercus fusiformis,scientific,quercus fusiformis
Quercus fusiformis,Escarpment Live Oak,common_name,escarpment live oak
Quercus fusiformis,Plateau Live Oak,common_name,plateau live oak
Quercus fusiformis,Hill Country Live Oak,common_name,hill country live oak
Quercus fusiformis,Texas Live Oak,common_name,texas live oak
Quercus fusiformis,Scrub Live Oak,common_name,scrub live oak
Quercus fusiformis,Plateau Oak,common_name,plateau oak
Quercus fusiformis,Encino Molino,common_name,encino molino
Quercus fusiformis,Tesmoli,common_name,tesmoli
Quercus laceyi,Quercus laceyi,scientific,quercus laceyi
Quercus laceyi,Lacey Oak,common_name,lacey oak
Quercus laceyi,Texas Blue Oak,common_name,texas blue oak
Quercus laceyi,Canyon Oak,common_name,canyon oak
Quercus laceyi,Smoky Oak,common_name,smoky oak
Quercus laceyi,Rock Oak,common_name,rock oak
Quercus macrocarpa,Quercus macrocarpa,scientific,quercus macrocarpa
Quercus macrocarpa,Bur Oak,common_name,bur oak
Quercus macrocarpa,Burr Oak,common_name,burr oak
Quercus macrocarpa,Savanna Oak,common_name,savanna oak
Quercus macrocarpa,Overcup Oak,common_name,overcup oak
Quercus macrocarpa,Prairie Oak,common_name,prairie oak
Quercus macrocarpa,Mossy-cup Oak,common_name,mossy cup oak
Quercus macrocarpa,Mossy-overcup Oak,common_name,mossy overcup oak
Quercus macrocarpa,Blue Oak,common_name,blue oak
Quercus marilandica,Quercus marilandica,scientific,quercus marilandica
Quercus marilandica,Blackjack Oak,common_name,blackjack oak
Quercus marilandica,Barren Oak,common_name,barren oak
Quercus marilandica,Black Oak,common_name,black oak
Quercus marilandica,Jack Oak,common_name,jack oak
Quercus muehlenbergii,Quercus muehlenbergii,scientific,quercus muehlenbergii
Quercus muehlenbergii,Chinquapin Oak,common_name,chinquapin oak
Quercus muehlenbergii,Chinkapin Oak,npsot_common_name,chinkapin oak
Quercus shumardii,Quercus shumardii,scientific,quercus shumardii
Quercus shumardii,Shumard Oak,common_name,shumard oak
Quercus shumardii,Shumard's Oak,common_name,shumard s oak
Quercus shumardii,Shumard Red Oak,common_name,shumard red oak
Quercus shumardii,Southern Red Oak,common_name,southern red oak
Quercus shumardii,Swamp Red Oak,common_name,swamp red oak
Quercus shumardii,Spotted Oak,common_name,spotted oak
Quercus virginiana,Quercus virginiana,scientific,quercus virginiana
Quercus virginiana,Coastal Live Oak,common_name,coastal live oak
Quercus virginiana,Southern Live Oak,common_name,southern live oak
Quercus virginiana,Virginia Live Oak,common_name,virginia live oak
Quercus virginiana,Live Oak,common_name,live oak
Quercus virginiana,Encino,common_name,encino
Sabal mexicana,Sabal mexicana,scientific,sabal mexicana
Sabal mexicana,Texas Palmetto,common_name,texas palmetto
Sabal minor,Sabal minor,scientific,sabal minor
Sabal minor,Dwarf Palmetto,common_name,dwarf palmetto
Sabal minor,Bush Palmetto,common_name,bush palmetto
Sabal minor,Palmetto,common_name,palmetto
Salix nigra,Salix nigra,scientific,salix nigra
Salix nigra,Black Willow,common_name,black willow
Salix nigra,Gulf Black Willow,common_name,gulf black willow
Salix nigra,Swamp Willow,common_name,swamp willow
Salix nigra,Sauz,common_name,sauz
Sapindus saponaria var. drummondii,Sapindus saponaria var. drummondii,scientific,sapindus saponaria var drummondii
Sapindus saponaria var. drummondii,Wingleaf Soapberry,common_name,wingleaf soapberry
Sapindus saponaria var. drummondii,Soapberry,common_name,soapberry
Sapindus saponaria var. drummondii,Wild China Tree,common_name,wild china tree
Sideroxylon lanuginosum,Sideroxylon lanuginosum,scientific,sideroxylon lanuginosum
Sideroxylon lanuginosum,Gum Bumelia,common_name,gum bumelia
Sideroxylon lanuginosum,Gum Bully,common_name,gum bully
Sideroxylon lanuginosum,Woollybucket Bumelia,common_name,woollybucket bumelia
Sideroxylon lanuginosum,Woolly Bumelia,common_name,woolly bumelia
Sideroxylon lanuginosum,Gum Woollybucket,common_name,gum woollybucket
Sideroxylon lanuginosum,Woolly Buckthorn,common_name,woolly buckthorn
Sideroxylon lanuginosum,Chittamwood,common_name,chittamwood
Sideroxylon lanuginosum,Shittamwood,common_name,shittamwood
Sideroxylon lanuginosum,Gum Elastic,common_name,gum elastic
Sideroxylon lanuginosum,Coma,common_name,coma
Sideroxylon lanuginosum,Black Haw,common_name,black haw
Styphnolobium affine,Styphnolobium affine,scientific,styphnolobium affine
Styphnolobium affine,Eve's Necklace,common_name,eve s necklace
Styphnolobium affine,Eve's Necklacepod,common_name,eve s necklacepod
Styphnolobium affine,Texas Sophora,common_name,texas sophora
Styphnolobium affine,Pink Sophora,common_name,pink sophora
Styphnolobium affine,Necklace Tree,common_name,necklace tree
Taxodium distichum,Taxodium distichum,scientific,taxodium distichum
Taxodium distichum,Bald Cypress,common_name,bald cypress
Taxodium distichum,Baldcypress,common_name,baldcypress
Taxodium distichum,Common Bald Cypress,common_name,common bald cypress
Taxodium distichum,Southern Bald Cypress,common_name,southern bald cypress
Taxodium distichum,Deciduous Cypress,common_name,deciduous cypress
Taxodium distichum,Southern Cypress,common_name,southern cypress
Taxodium distichum,Swamp Cypress,common_name,swamp cypress
Taxodium distichum,Red Cypress,common_name,red cypress
Taxodium distichum,White Cypress,common_name,white cypress
Taxodium distichum,Yellow Cypress,common_name,yellow cypress
Taxodium distichum,Gulf Cypress,common_name,gulf cypress
Taxodium distichum,Tidewater Red Cypress,common_name,tidewater red cypress
Tilia americana,Tilia americana,scientific,tilia americana
Tilia americana,American Basswood,common_name,american basswood
Tilia americana,American Linden,common_name,american linden
Tilia americana,Lime Tree,common_name,lime tree
Tilia americana,Bee Tree,common_name,bee tree
Ulmus americana,Ulmus americana,scientific,ulmus americana
Ulmus americana,American Elm,common_name,american elm
Ulmus americana,White Elm,common_name,white elm
Ulmus americana,Soft Elm,common_name,soft elm
Ulmus americana,Water Elm,common_name,water elm
Ulmus americana,Common Elm,common_name,common elm
Ulmus crassifolia,Ulmus crassifolia,scientific,ulmus crassifolia
Ulmus crassifolia,Cedar Elm,common_name,cedar elm
Ulmus crassifolia,Fall Elm,common_name,fall elm
Ulmus crassifolia,Basket Elm,common_name,basket elm
Ulmus crassifolia,Scrub Elm,common_name,scrub elm
Ulmus crassifolia,Lime Elm,common_name,lime elm
Ulmus crassifolia,Texas Elm,common_name,texas elm
Ulmus crassifolia,Southern Rock Elm,common_name,southern rock elm
Ulmus crassifolia,Olmo,common_name,olmo
Ungnadia speciosa,Ungnadia speciosa,scientific,ungnadia speciosa
Ungnadia speciosa,Mexican Buckeye,common_name,mexican buckeye
Ungnadia speciosa,Monilla,common_name,monilla
Acleisanthes obtusa,Acleisanthes obtusa,scientific,acleisanthes obtusa
Acleisanthes obtusa,Berlandier's Trumpet,common_name,berlandier s trumpet
Campsis radicans,Campsis radicans,scientific,campsis radicans
Campsis radicans,Trumpet Creeper,common_name,trumpet creeper
Campsis radicans,Trumpet Vine,common_name,trumpet vine
Campsis radicans,Common Trumpet Creeper,common_name,common trumpet creeper
Campsis radicans,Cow Vine,common_name,cow vine
Campsis radicans,Foxglove Vine,common_name,foxglove vine
Campsis radicans,Hellvine,common_name,hellvine
Campsis radicans,Devil's Shoestring,common_name,devil s shoestring
Campsis radicans,Trumpet Creeper Vine,npsot_common_name,trumpet creeper vine
Clematis drummondii,Clematis drummondii,scientific,clematis drummondii
Clematis drummondii,Old Man's Beard,common_name,old man s beard
Clematis drummondii,Texas Virgin's Bower,npsot_common_name,texas virgin s bower
Clematis pitcheri,Clematis pitcheri,scientific,clematis pitcheri
Clematis pitcheri,Purple Leatherflower,common_name,purple leatherflower
Clematis pitcheri,Purple Clematis,common_name,purple clematis
Clematis pitcheri,Leatherflower,common_name,leatherflower
Clematis pitcheri,Bluebill,common_name,bluebill
Clematis pitcheri,Bellflower Clematis,common_name,bellflower clematis
Clematis pitcheri,Pitcher's Clematis,common_name,pitcher s clematis
Clematis texensis,Clematis texensis,scientific,clematis texensis
Clematis texensis,Scarlet Clematis,common_name,scarlet clematis
Clematis texensis,Scarlet Leatherflower,common_name,scarlet leatherflower
Clematis texensis,Texas Clematis,common_name,texas clematis
Cocculus carolinus,Cocculus carolinus,scientific,cocculus carolinus
Cocculus carolinus,Carolina Snailseed,common_name,carolina snailseed
Cynanchum barbigerum,Cynanchum barbigerum,scientific,cynanchum barbigerum
Cynanchum barbigerum,Cynanchum,common_name,cynanchum
Cynanchum barbigerum,Bearded Swallow-wort,common_name,bearded swallow wort
Cynanchum barbigerum,Thicket Threadvine,common_name,thicket threadvine
Funastrum cynanchoides,Funastrum cynanchoides,scientific,funastrum cynanchoides
Funastrum cynanchoides,Fringed Twinevine,common_name,fringed twinevine
Funastrum cynanchoides,Climbing Milkweed Vine,common_name,climbing milkweed vine
Funastrum cynanchoides,Twine-vine,common_name,twine vine
Lonicera albiflora,Lonicera albiflora,scientific,lonicera albiflora
Lonicera albiflora,Western White Honeysuckle,common_name,western white honeysuckle
Lonicera albiflora,White Shrub Honeysuckle,common_name,white shrub honeysuckle
Lonicera albiflora,White Bush Honeysuckle,common_name,white bush honeysuckle
Lonicera albiflora,White Limestone Honeysuckle,common_name,white limestone honeysuckle
Lonicera albiflora,Texas Honeysuckle,common_name,texas honeysuckle
Lonicera albiflora,White Honeysuckle,common_name,white honeysuckle
Lonicera sempervirens,Lonicera sempervirens,scientific,lonicera sempervirens
Lonicera sempervirens,Coral Honeysuckle,common_name,coral honeysuckle
Lonicera sempervirens,Trumpet Honeysuckle,common_name,trumpet honeysuckle
Lonicera sempervirens,Woodbine,common_name,woodbine
Matelea biflora,Matelea biflora,scientific,matelea biflora
Matelea biflora,Star Milkvine,common_name,star milkvine
Matelea biflora,Purple Milkweed Vine,common_name,purple milkweed vine
Matelea reticulata,Matelea reticulata,scientific,matelea reticulata
Matelea reticulata,Pearl Milkweed Vine,common_name,pearl milkweed vine
Matelea reticulata,Netted Milkvine,common_name,netted milkvine
Matelea reticulata,Green Milkweed Vine,common_name,green milkweed vine
Matelea reticulata,Net Vein Milkvine,common_name,net vein milkvine
Maurandella antirrhiniflora,Maurandella antirrhiniflora,scientific,maurandella antirrhiniflora
Maurandella antirrhiniflora,Snapdragon Vine,common_name,snapdragon vine
Maurandella antirrhiniflora,Roving Sailor,common_name,roving sailor
Maurandella antirrhiniflora,Climbing Snapdragon,common_name,climbing snapdragon
Maurandella antirrhiniflora,Little Snapdragon Vine,common_name,little snapdragon vine
Merremia dissecta,Merremia dissecta,scientific,merremia dissecta
Merremia dissecta,Alamo Vine,common_name,alamo vine
Merremia dissecta,Noyau Vine,common_name,noyau vine
Merremia dissecta,Correhuela De Las Doce,common_name,correhuela de las doce
Parthenocissus quinquefolia,Parthenocissus quinquefolia,scientific,parthenocissus quinquefolia
Parthenocissus quinquefolia,Virginia Creeper,common_name,virginia creeper
Passiflora affinis,Passiflora affinis,scientific,passiflora affinis
Passiflora affinis,Yellow Passionflower,common_name,yellow passionflower
Passiflora affinis,Bracted Passionflower,common_name,bracted passionflower
Passiflora foetida,Passiflora foetida,scientific,passiflora foetida
Passiflora foetida,Corona De Cristo,common_name,corona de cristo
Passiflora foetida,Fetid Passionflower,common_name,fetid passionflower
Passiflora tenuiloba,Passiflora tenuiloba,scientific,passiflora tenuiloba
Passiflora tenuiloba,Slenderlobe Passionflower,common_name,slenderlobe passionflower
Passiflora tenuiloba,Birdwing Passionflower,common_name,birdwing passionflower
Vitis mustangensis,Vitis mustangensis,scientific,vitis mustangensis
Vitis mustangensis,Mustang Grape,common_name,mustang grape
Juncus texanus,Juncus texanus,scientific,juncus texanus
Juncus texanus,Texas Rush,common_name,texas rush
Leptochloa dubia,Leptochloa dubia,scientific,leptochloa dubia
Leptochloa dubia,Green Sprangletop,common_name,green sprangletop
Muhlenbergia dubia,Muhlenbergia dubia,scientific,muhlenbergia dubia
Muhlenbergia dubia,Pine Muhly,common_name,pine muhly
Simsia calva,Simsia calva,scientific,simsia calva
Simsia calva,Awnless Bushsunflower,common_name,awnless bushsunflower
Simsia calva,Bush Sunflower,npsot_common_name,bush sunflower
Plectocephalus americanus,Plectocephalus americanus,scientific,plectocephalus americanus
Plectocephalus americanus,American Basket-flower,common_name,american basket flower
Plectocephalus americanus,American Basketflower,npsot_common_name,american basketflower
