trail_id,trail_name_or_area,trail_type,status,material,width,funding,phase,shape_length_source_units,geometry_type,center_lat,center_lon,bbox_west,bbox_south,bbox_east,bbox_north,source_file,dashboard_use,gpt_use_note
PARD-TRL-2,Waterleaf,Vybe,In Review,Concrete,8,City,1,195.09443680946202,LineString,29.9691549,-97.8398687,-97.8399224,29.9688937,-97.839815,29.9694162,VybeTrails.geojson,trail corridor proximity/reference only,Use for trail area/status context. Use GeoJSON geometry and a buffer for exact trail-corridor analysis.
PARD-TRL-3,Waterleaf,Vybe,In Review,Concrete,8,City,1,476.1911626644892,LineString,29.969648,-97.8404595,-97.8411039,29.9694162,-97.839815,29.9698798,VybeTrails.geojson,trail corridor proximity/reference only,Use for trail area/status context. Use GeoJSON geometry and a buffer for exact trail-corridor analysis.
PARD-TRL-4,Waterleaf,Vybe,Proposed,Concrete,8,City,1,164.7908077590263,LineString,29.9705976,-97.8417627,-97.8419843,29.9704799,-97.8415411,29.9707153,VybeTrails.geojson,trail corridor proximity/reference only,Use for trail area/status context. Use GeoJSON geometry and a buffer for exact trail-corridor analysis.
PARD-TRL-5,Waterleaf,Vybe,Proposed,Concrete,,City,1,853.1772604751766,LineString,29.9695077,-97.8423176,-97.8435312,29.9691353,-97.8411039,29.9698801,VybeTrails.geojson,trail corridor proximity/reference only,Use for trail area/status context. Use GeoJSON geometry and a buffer for exact trail-corridor analysis.
PARD-TRL-6,GreggClarke,Vybe,Upgrade,Concrete,8,City,,1676.050097325078,LineString,29.9911706,-97.8867817,-97.8875892,29.9905061,-97.8859741,29.991835,VybeTrails.geojson,trail corridor proximity/reference only,Use for trail area/status context. Use GeoJSON geometry and a buffer for exact trail-corridor analysis.
PARD-TRL-7,Lake Kyle,Vybe,Upgrade,Concrete,6,City,1,1306.6579304401505,LineString,29.9855959,-97.860843,-97.8620668,29.9842299,-97.8596191,29.9869618,VybeTrails.geojson,trail corridor proximity/reference only,Use for trail area/status context. Use GeoJSON geometry and a buffer for exact trail-corridor analysis.
PARD-TRL-10,Lake Kyle,Vybe,Proposed,Concrete,6,City,1,844.8460331198705,LineString,29.9844654,-97.8607851,-97.8619512,29.9841596,-97.8596191,29.9847712,VybeTrails.geojson,trail corridor proximity/reference only,Use for trail area/status context. Use GeoJSON geometry and a buffer for exact trail-corridor analysis.
PARD-TRL-20,Lake Kyle,Vybe,Proposed,Concrete,12,City,1,245.83517882632952,LineString,29.9847273,-97.8623196,-97.862688,29.9846833,-97.8619512,29.9847712,VybeTrails.geojson,trail corridor proximity/reference only,Use for trail area/status context. Use GeoJSON geometry and a buffer for exact trail-corridor analysis.
PARD-TRL-31,Lake Kyle,Vybe,Proposed,Concrete,12,City,1,305.03109938855766,LineString,29.9843045,-97.8642856,-97.8646982,29.9842214,-97.863873,29.9843875,VybeTrails.geojson,trail corridor proximity/reference only,Use for trail area/status context. Use GeoJSON geometry and a buffer for exact trail-corridor analysis.
PARD-TRL-32,Lake Kyle,Vybe,Proposed,Concrete,12,City,1,42.8830334464534,LineString,29.9843817,-97.8638173,-97.863873,29.9843481,-97.8637616,29.9844152,VybeTrails.geojson,trail corridor proximity/reference only,Use for trail area/status context. Use GeoJSON geometry and a buffer for exact trail-corridor analysis.
PARD-TRL-33,Lake Kyle,Vybe,Proposed,Concrete,12,City,1,33.80593509200535,LineString,29.984437,-97.8637145,-97.8637616,29.9844152,-97.8636673,29.9844587,VybeTrails.geojson,trail corridor proximity/reference only,Use for trail area/status context. Use GeoJSON geometry and a buffer for exact trail-corridor analysis.
PARD-TRL-34,Lake Kyle,Vybe,Proposed,Concrete,12,City,1,328.6882943128891,LineString,29.984571,-97.8631777,-97.8636673,29.9844587,-97.862688,29.9846833,VybeTrails.geojson,trail corridor proximity/reference only,Use for trail area/status context. Use GeoJSON geometry and a buffer for exact trail-corridor analysis.
PARD-TRL-36,Bunton Creek,Vybe,Proposed,Concrete,8,City,1,1172.6381947492807,LineString,29.9780325,-97.8430845,-97.8441736,29.9769781,-97.8419954,29.979087,VybeTrails.geojson,trail corridor proximity/reference only,Use for trail area/status context. Use GeoJSON geometry and a buffer for exact trail-corridor analysis.
PARD-TRL-39,Waterleaf,Vybe,In Review,Concrete,8,City,1,1639.527896932776,LineString,29.97254,-97.8422839,-97.8431628,29.9704799,-97.8414049,29.9746,VybeTrails.geojson,trail corridor proximity/reference only,Use for trail area/status context. Use GeoJSON geometry and a buffer for exact trail-corridor analysis.
PARD-TRL-42,Waterleaf,Vybe,Proposed,Concrete,8,City,1,784.971802350969,LineString,29.9737846,-97.8438757,-97.844657,29.9729692,-97.8430944,29.9746,VybeTrails.geojson,trail corridor proximity/reference only,Use for trail area/status context. Use GeoJSON geometry and a buffer for exact trail-corridor analysis.
PARD-TRL-44,Bunton Reserve,Vybe,Upgrade,Concrete,6,City,,260.73585865111045,LineString,29.9749032,-97.8421865,-97.8425669,29.9747739,-97.8418061,29.9750324,VybeTrails.geojson,trail corridor proximity/reference only,Use for trail area/status context. Use GeoJSON geometry and a buffer for exact trail-corridor analysis.
PARD-TRL-48,Lehman Farm,Vybe,In Review,Concrete,,City,2,1095.284153862978,LineString,29.9895093,-97.8575429,-97.858759,29.98845,-97.8563269,29.9905686,VybeTrails.geojson,trail corridor proximity/reference only,Use for trail area/status context. Use GeoJSON geometry and a buffer for exact trail-corridor analysis.
PARD-TRL-49,Proposed,Vybe,In Review,Concrete,,City,1,1945.7410270155035,LineString,30.0013245,-97.8640719,-97.8657606,29.999484,-97.8623833,30.003165,VybeTrails.geojson,trail corridor proximity/reference only,Use for trail area/status context. Use GeoJSON geometry and a buffer for exact trail-corridor analysis.
PARD-TRL-50,Proposed,Vybe,In Review,Concrete,,City,2,4971.908985568035,LineString,30.0048056,-97.8793541,-97.8859438,30.0037379,-97.8727644,30.0058732,VybeTrails.geojson,trail corridor proximity/reference only,Use for trail area/status context. Use GeoJSON geometry and a buffer for exact trail-corridor analysis.
PARD-TRL-51,Hometown,Vybe,Upgrade,Concrete,6,City,,1284.6389685379359,LineString,30.0025524,-97.8896175,-97.8915344,30.0023014,-97.8877007,30.0028034,VybeTrails.geojson,trail corridor proximity/reference only,Use for trail area/status context. Use GeoJSON geometry and a buffer for exact trail-corridor analysis.
PARD-TRL-52,Hometown,Vybe,Upgrade,Concrete,6,City,,870.2320869774042,LineString,30.0019138,-97.8927927,-97.894051,30.0014379,-97.8915344,30.0023897,VybeTrails.geojson,trail corridor proximity/reference only,Use for trail area/status context. Use GeoJSON geometry and a buffer for exact trail-corridor analysis.
PARD-TRL-53,Six Creeks,Vybe,Proposed,Concrete,,Developer,,7453.9731142104765,LineString,30.0027517,-97.9250515,-97.9339463,29.9990805,-97.9161567,30.0064229,VybeTrails.geojson,trail corridor proximity/reference only,Use for trail area/status context. Use GeoJSON geometry and a buffer for exact trail-corridor analysis.
PARD-TRL-55,Steeplechase,Vybe,Existing,Asphalt,7,City,1,690.2228634434099,LineString,29.9938037,-97.8588536,-97.8598397,29.9935404,-97.8578674,29.9940671,VybeTrails.geojson,trail corridor proximity/reference only,Use for trail area/status context. Use GeoJSON geometry and a buffer for exact trail-corridor analysis.
PARD-TRL-56,Steeplechase,Vybe,Existing,Asphalt,6,City,1,90.82017525372564,LineString,29.993098,-97.8601232,-97.8602542,29.9930497,-97.8599922,29.9931464,VybeTrails.geojson,trail corridor proximity/reference only,Use for trail area/status context. Use GeoJSON geometry and a buffer for exact trail-corridor analysis.
PARD-TRL-57,Steeplechase,Vybe,In Review,Asphalt,6,City,1,2202.338238421144,LineString,29.9956499,-97.8607044,-97.861569,29.9931464,-97.8598397,29.9981535,VybeTrails.geojson,trail corridor proximity/reference only,Use for trail area/status context. Use GeoJSON geometry and a buffer for exact trail-corridor analysis.
PARD-TRL-58,Steeplechase,Vybe,Existing,Asphalt,6,City,1,300.3300269113435,LineString,29.9947727,-97.8617725,-97.8622019,29.9946879,-97.861343,29.9948575,VybeTrails.geojson,trail corridor proximity/reference only,Use for trail area/status context. Use GeoJSON geometry and a buffer for exact trail-corridor analysis.
PARD-TRL-59,Pecan Woods,Vybe,Proposed,Concrete,,Developer,,12739.823034183411,LineString,29.9604913,-97.8263783,-97.832834,29.9514156,-97.8199227,29.9695669,VybeTrails.geojson,trail corridor proximity/reference only,Use for trail area/status context. Use GeoJSON geometry and a buffer for exact trail-corridor analysis.
PARD-TRL-61,Brookside,Vybe,Proposed,Concrete,8,City,2,1110.7296799143378,LineString,29.9830485,-97.8563482,-97.8580721,29.982934,-97.8546242,29.9831629,VybeTrails.geojson,trail corridor proximity/reference only,Use for trail area/status context. Use GeoJSON geometry and a buffer for exact trail-corridor analysis.
PARD-TRL-62,Plum Creek Trail,Vybe,In Review,Concrete,8,City,1,1473.259249835514,LineString,29.9779957,-97.8455856,-97.8469975,29.9769781,-97.8441736,29.9790133,VybeTrails.geojson,trail corridor proximity/reference only,Use for trail area/status context. Use GeoJSON geometry and a buffer for exact trail-corridor analysis.
PARD-TRL-65,Brookside Connector,Vybe,Proposed,Concrete,6,City,2,840.5562340705335,LineString,29.9821509,-97.8553744,-97.8562215,29.9814469,-97.8545273,29.9828548,VybeTrails.geojson,trail corridor proximity/reference only,Use for trail area/status context. Use GeoJSON geometry and a buffer for exact trail-corridor analysis.
PARD-TRL-69,Prairie on the Creek,Vybe,In Review,Concrete,,City,1,1277.4743348674176,LineString,29.9918575,-97.8593756,-97.8599922,29.9905686,-97.858759,29.9931464,VybeTrails.geojson,trail corridor proximity/reference only,Use for trail area/status context. Use GeoJSON geometry and a buffer for exact trail-corridor analysis.
PARD-TRL-70,Proposed,Vybe,In Review,Concrete,,City,1,587.6372145917288,LineString,29.9877395,-97.8561321,-97.8563882,29.987029,-97.855876,29.98845,VybeTrails.geojson,trail corridor proximity/reference only,Use for trail area/status context. Use GeoJSON geometry and a buffer for exact trail-corridor analysis.
PARD-TRL-71,No Easement,Vybe,In Review,Concrete,,City,3,645.9050056140449,LineString,29.9986098,-97.8620628,-97.862805,29.9981535,-97.8613207,29.9990662,VybeTrails.geojson,trail corridor proximity/reference only,Use for trail area/status context. Use GeoJSON geometry and a buffer for exact trail-corridor analysis.
PARD-TRL-73,No Easement,Vybe,In Review,Concrete,,City,3,145.1649304999647,LineString,30.0036021,-97.8669073,-97.8669689,30.0034175,-97.8668457,30.0037867,VybeTrails.geojson,trail corridor proximity/reference only,Use for trail area/status context. Use GeoJSON geometry and a buffer for exact trail-corridor analysis.
PARD-TRL-74,Remove from Plan,Vybe,Remove from Plan,Concrete,,Developer,,331.5432339786577,LineString,30.0047425,-97.8698129,-97.870336,30.0047193,-97.8692899,30.0047657,VybeTrails.geojson,trail corridor proximity/reference only,Use for trail area/status context. Use GeoJSON geometry and a buffer for exact trail-corridor analysis.
PARD-TRL-77,Proposed,Vybe,Proposed,Concrete,,City,2,477.27384914845567,LineString,30.002932,-97.8870461,-97.8877007,30.0027839,-97.8863914,30.0030801,VybeTrails.geojson,trail corridor proximity/reference only,Use for trail area/status context. Use GeoJSON geometry and a buffer for exact trail-corridor analysis.
PARD-TRL-79,No Easement,Vybe,In Review,Concrete,,City,3,422.05478045619765,LineString,30.0032465,-97.8663032,-97.8668457,30.0030754,-97.8657606,30.0034175,VybeTrails.geojson,trail corridor proximity/reference only,Use for trail area/status context. Use GeoJSON geometry and a buffer for exact trail-corridor analysis.
PARD-TRL-471,Waterleaf,Vybe,Proposed,Concrete,,City,1,3093.046846780774,LineString,29.9667819,-97.8467335,-97.8499357,29.9644285,-97.8435312,29.9691353,VybeTrails.geojson,trail corridor proximity/reference only,Use for trail area/status context. Use GeoJSON geometry and a buffer for exact trail-corridor analysis.
PARD-TRL-472,Cool Springs,Vybe,Proposed,Concrete,4,City,,724.113709762021,LineString,29.9650399,-97.850342,-97.8511111,29.9643032,-97.8495728,29.9657766,VybeTrails.geojson,trail corridor proximity/reference only,Use for trail area/status context. Use GeoJSON geometry and a buffer for exact trail-corridor analysis.
PARD-TRL-473,Waterleaf,Vybe,In Review,Concrete,8,City,1,265.4050172966077,LineString,29.9701798,-97.8413225,-97.8415411,29.9698798,-97.8411039,29.9704799,VybeTrails.geojson,trail corridor proximity/reference only,Use for trail area/status context. Use GeoJSON geometry and a buffer for exact trail-corridor analysis.
PARD-TRL-474,Bunton Reserve,Vybe,Upgrade,Concrete,6,City,,149.61083222264273,LineString,29.9751608,-97.8416265,-97.8418061,29.9750324,-97.841447,29.9752892,VybeTrails.geojson,trail corridor proximity/reference only,Use for trail area/status context. Use GeoJSON geometry and a buffer for exact trail-corridor analysis.
PARD-TRL-476,Bunton Reserve,Vybe,Upgrade,Concrete,6,City,,178.6018742695498,LineString,29.974687,-97.8428307,-97.8430944,29.9746,-97.8425669,29.9747739,VybeTrails.geojson,trail corridor proximity/reference only,Use for trail area/status context. Use GeoJSON geometry and a buffer for exact trail-corridor analysis.
PARD-TRL-479,,Vybe,In Review,Concrete,,Developer,,4042.0643837159587,LineString,30.0117942,-97.9053984,-97.9093088,30.0097737,-97.901488,30.0138146,VybeTrails.geojson,trail corridor proximity/reference only,Use for trail area/status context. Use GeoJSON geometry and a buffer for exact trail-corridor analysis.
PARD-TRL-480,Six Creeks,Vybe,Existing,Concrete,10,Developer,,3349.147328889304,LineString,30.0010266,-97.9016961,-97.903617,29.9979617,-97.8997753,30.0040915,VybeTrails.geojson,trail corridor proximity/reference only,Use for trail area/status context. Use GeoJSON geometry and a buffer for exact trail-corridor analysis.
PARD-TRL-481,,Vybe,Proposed,Concrete,,Developer,,835.6128000072707,LineString,29.999368,-97.9067894,-97.9080085,29.9991619,-97.9055702,29.9995742,VybeTrails.geojson,trail corridor proximity/reference only,Use for trail area/status context. Use GeoJSON geometry and a buffer for exact trail-corridor analysis.
PARD-TRL-483,,Vybe,Proposed,Concrete,,Developer,,1074.9148456212954,LineString,30.0036548,-97.904967,-97.9055749,30.0029139,-97.9043592,30.0043956,VybeTrails.geojson,trail corridor proximity/reference only,Use for trail area/status context. Use GeoJSON geometry and a buffer for exact trail-corridor analysis.
PARD-TRL-484,,Vybe,Proposed,Concrete,,Developer,,1544.4166975364749,LineString,30.001244,-97.9067917,-97.9080085,29.9995742,-97.9055749,30.0029139,VybeTrails.geojson,trail corridor proximity/reference only,Use for trail area/status context. Use GeoJSON geometry and a buffer for exact trail-corridor analysis.
PARD-TRL-485,,Vybe,Proposed,Concrete,,Developer,,802.5242485245204,LineString,29.9986149,-97.9086165,-97.9092245,29.9976557,-97.9080085,29.9995742,VybeTrails.geojson,trail corridor proximity/reference only,Use for trail area/status context. Use GeoJSON geometry and a buffer for exact trail-corridor analysis.
PARD-TRL-487,,Vybe,Proposed,Concrete,,Developer,,3802.552948803032,LineString,29.9984246,-97.9135911,-97.9179577,29.9958608,-97.9092245,30.0009885,VybeTrails.geojson,trail corridor proximity/reference only,Use for trail area/status context. Use GeoJSON geometry and a buffer for exact trail-corridor analysis.
PARD-TRL-488,Talavera,Vybe,Upgrade,Concrete,,Developer,,3935.4826631371884,LineString,29.9971693,-97.8398065,-97.8427573,29.9930412,-97.8368556,30.0012974,VybeTrails.geojson,trail corridor proximity/reference only,Use for trail area/status context. Use GeoJSON geometry and a buffer for exact trail-corridor analysis.
PARD-TRL-495,Marketplace,Vybe,Upgrade,Concrete,8,Developer,,1353.6589780492948,LineString,30.0024152,-97.8711117,-97.8717483,30.0006969,-97.8704752,30.0041334,VybeTrails.geojson,trail corridor proximity/reference only,Use for trail area/status context. Use GeoJSON geometry and a buffer for exact trail-corridor analysis.
PARD-TRL-496,Seton,Vybe,Upgrade,Concrete,4,Developer,,1637.4707498267667,LineString,30.0097771,-97.8500533,-97.8519567,30.008307,-97.8481499,30.0112473,VybeTrails.geojson,trail corridor proximity/reference only,Use for trail area/status context. Use GeoJSON geometry and a buffer for exact trail-corridor analysis.
PARD-TRL-501,,Vybe,Proposed,Concrete,,Developer,,5868.536328985119,LineString,30.0523386,-97.8200428,-97.8229611,30.0461929,-97.8171245,30.0584843,VybeTrails.geojson,trail corridor proximity/reference only,Use for trail area/status context. Use GeoJSON geometry and a buffer for exact trail-corridor analysis.
PARD-TRL-502,,Vybe,In Review,Concrete,,Developer,,888.9353917326204,LineString,30.0309688,-97.8761072,-97.8775113,30.0309457,-97.8747031,30.0309918,VybeTrails.geojson,trail corridor proximity/reference only,Use for trail area/status context. Use GeoJSON geometry and a buffer for exact trail-corridor analysis.
PARD-TRL-503,Dacy Ln,Vybe,In Review,Concrete,4,City,,2031.0418076433803,LineString,30.0070402,-97.8509468,-97.8536103,30.0056599,-97.8482833,30.0084204,VybeTrails.geojson,trail corridor proximity/reference only,Use for trail area/status context. Use GeoJSON geometry and a buffer for exact trail-corridor analysis.
PARD-TRL-504,No Easement,Vybe,Proposed,Concrete,,City,3,9282.766894370094,LineString,30.0301995,-97.8292763,-97.8344761,30.023267,-97.8240765,30.0371321,VybeTrails.geojson,trail corridor proximity/reference only,Use for trail area/status context. Use GeoJSON geometry and a buffer for exact trail-corridor analysis.
PARD-TRL-505,Cool Springs,Vybe,In Review,Concrete,,Developer,,3337.4125401817687,LineString,29.9628715,-97.8550113,-97.8589115,29.9599665,-97.8511111,29.9657766,VybeTrails.geojson,trail corridor proximity/reference only,Use for trail area/status context. Use GeoJSON geometry and a buffer for exact trail-corridor analysis.
PARD-TRL-506,Main St,Vybe,Existing,Concrete,,Road Project,,2214.970746044417,LineString,29.9727335,-97.8853712,-97.8877289,29.9705357,-97.8830135,29.9749314,VybeTrails.geojson,trail corridor proximity/reference only,Use for trail area/status context. Use GeoJSON geometry and a buffer for exact trail-corridor analysis.
PARD-TRL-508,Cromwell,Vybe,Existing,Concrete,5,Developer,,1446.7981246776744,LineString,30.0228024,-97.8744236,-97.8745977,30.0209101,-97.8742494,30.0246947,VybeTrails.geojson,trail corridor proximity/reference only,Use for trail area/status context. Use GeoJSON geometry and a buffer for exact trail-corridor analysis.
PARD-TRL-509,Heroes Memorial,Vybe,Existing,Crushed Granite,10,Developer,,569.9666221900734,LineString,30.0287576,-97.8747688,-97.8748446,30.0280159,-97.8746931,30.0294993,VybeTrails.geojson,trail corridor proximity/reference only,Use for trail area/status context. Use GeoJSON geometry and a buffer for exact trail-corridor analysis.
PARD-TRL-510,,Vybe,In Review,Concrete,,Developer,,1031.931218690103,LineString,30.0321792,-97.8772314,-97.8778708,30.0309457,-97.8765919,30.0334126,VybeTrails.geojson,trail corridor proximity/reference only,Use for trail area/status context. Use GeoJSON geometry and a buffer for exact trail-corridor analysis.
PARD-TRL-511,,Vybe,Proposed,Concrete,,Developer,,2685.6029734130357,LineString,30.0347369,-97.8837749,-97.8877337,30.0339796,-97.879816,30.0354942,VybeTrails.geojson,trail corridor proximity/reference only,Use for trail area/status context. Use GeoJSON geometry and a buffer for exact trail-corridor analysis.
PARD-TRL-512,,Vybe,Proposed,Concrete,,Developer,,5861.0293084061705,LineString,30.0340599,-97.8967542,-97.9057746,30.03331,-97.8877337,30.0348097,VybeTrails.geojson,trail corridor proximity/reference only,Use for trail area/status context. Use GeoJSON geometry and a buffer for exact trail-corridor analysis.
PARD-TRL-513,,Vybe,Proposed,Concrete,,Developer,,2533.819869961352,LineString,30.0344753,-97.8747439,-97.8747847,30.0309918,-97.8747031,30.0379589,VybeTrails.geojson,trail corridor proximity/reference only,Use for trail area/status context. Use GeoJSON geometry and a buffer for exact trail-corridor analysis.
PARD-TRL-514,,Vybe,Proposed,Concrete,,Developer,,4507.386397156269,LineString,30.0371166,-97.873527,-97.879816,30.0354942,-97.8672379,30.038739,VybeTrails.geojson,trail corridor proximity/reference only,Use for trail area/status context. Use GeoJSON geometry and a buffer for exact trail-corridor analysis.
PARD-TRL-515,,Vybe,Proposed,Concrete,,Developer,,5765.112346200816,LineString,30.0384222,-97.8654358,-97.8672379,30.0352334,-97.8636337,30.0416111,VybeTrails.geojson,trail corridor proximity/reference only,Use for trail area/status context. Use GeoJSON geometry and a buffer for exact trail-corridor analysis.
PARD-TRL-516,,Vybe,Proposed,Concrete,,Developer,,2780.719131716315,LineString,30.0348128,-97.8693213,-97.8694365,30.0309909,-97.8692062,30.0386346,VybeTrails.geojson,trail corridor proximity/reference only,Use for trail area/status context. Use GeoJSON geometry and a buffer for exact trail-corridor analysis.
PARD-TRL-517,Remove from Plan,Vybe,Remove from Plan,Concrete,,Developer,,2789.0125954336186,LineString,30.0465779,-97.8696586,-97.8697569,30.0427443,-97.8695603,30.0504115,VybeTrails.geojson,trail corridor proximity/reference only,Use for trail area/status context. Use GeoJSON geometry and a buffer for exact trail-corridor analysis.
PARD-TRL-518,Remove from Plan,Vybe,Remove from Plan,Concrete,,Developer,,2710.8570059152707,LineString,30.041767,-97.8726595,-97.8757587,30.0407889,-97.8695603,30.0427451,VybeTrails.geojson,trail corridor proximity/reference only,Use for trail area/status context. Use GeoJSON geometry and a buffer for exact trail-corridor analysis.
PARD-TRL-519,Cromwell,Vybe,Existing,Concrete,4,Developer,,1498.825108644928,LineString,30.019066,-97.8734307,-97.8743062,30.017222,-97.8725551,30.0209101,VybeTrails.geojson,trail corridor proximity/reference only,Use for trail area/status context. Use GeoJSON geometry and a buffer for exact trail-corridor analysis.
PARD-TRL-520,,Vybe,Proposed,Concrete,,Developer,,3052.099205238317,LineString,29.9651434,-97.895687,-97.899616,29.9631312,-97.891758,29.9671557,VybeTrails.geojson,trail corridor proximity/reference only,Use for trail area/status context. Use GeoJSON geometry and a buffer for exact trail-corridor analysis.
PARD-TRL-521,,Vybe,Proposed,Concrete,,Developer,,2384.3976794727605,LineString,30.0117447,-97.9130022,-97.9166956,30.0114572,-97.9093088,30.0120321,VybeTrails.geojson,trail corridor proximity/reference only,Use for trail area/status context. Use GeoJSON geometry and a buffer for exact trail-corridor analysis.
PARD-TRL-907,,Vybe,In Review,Concrete,,Developer,,1776.0387988915622,LineString,30.0116554,-97.85498,-97.8570462,30.0107381,-97.8529138,30.0125727,VybeTrails.geojson,trail corridor proximity/reference only,Use for trail area/status context. Use GeoJSON geometry and a buffer for exact trail-corridor analysis.
PARD-TRL-908,,Vybe,In Review,Concrete,,Developer,,2752.0245642249165,LineString,30.0209273,-97.8601923,-97.8617446,30.0181202,-97.8586399,30.0237343,VybeTrails.geojson,trail corridor proximity/reference only,Use for trail area/status context. Use GeoJSON geometry and a buffer for exact trail-corridor analysis.
PARD-TRL-909,Walton,Vybe,Proposed,Concrete,,Developer,,3381.5726986904597,LineString,29.9844924,-97.8475056,-97.8501655,29.9805789,-97.8448457,29.9884058,VybeTrails.geojson,trail corridor proximity/reference only,Use for trail area/status context. Use GeoJSON geometry and a buffer for exact trail-corridor analysis.
PARD-TRL-911,Six Creeks,Vybe,In Review,Concrete,,Road Project,,2052.840412615181,LineString,30.0039921,-97.895016,-97.895982,30.001387,-97.8940501,30.0065972,VybeTrails.geojson,trail corridor proximity/reference only,Use for trail area/status context. Use GeoJSON geometry and a buffer for exact trail-corridor analysis.
PARD-TRL-913,Six Creeks,Vybe,Existing,Concrete,10,Developer,,2012.8728695943705,LineString,30.0053939,-97.898629,-97.9012761,30.0040915,-97.895982,30.0066963,VybeTrails.geojson,trail corridor proximity/reference only,Use for trail area/status context. Use GeoJSON geometry and a buffer for exact trail-corridor analysis.
PARD-TRL-915,,Vybe,Existing,Concrete,,Developer,,1008.1744131839542,LineString,29.9985761,-97.9045936,-97.9055702,29.9979477,-97.903617,29.9992044,VybeTrails.geojson,trail corridor proximity/reference only,Use for trail area/status context. Use GeoJSON geometry and a buffer for exact trail-corridor analysis.
PARD-TRL-917,N Burleson Rd,Vybe,Existing,Concrete,6,City,,4578.8401756291705,LineString,29.9945376,-97.8750954,-97.8773573,29.9889055,-97.8728334,30.0001697,VybeTrails.geojson,trail corridor proximity/reference only,Use for trail area/status context. Use GeoJSON geometry and a buffer for exact trail-corridor analysis.
PARD-TRL-919,James Adkins Dr,Vybe,Existing,Concrete,4,City,,1762.262190144078,LineString,30.0025087,-97.8727434,-97.8730534,30.0001697,-97.8724334,30.0048476,VybeTrails.geojson,trail corridor proximity/reference only,Use for trail area/status context. Use GeoJSON geometry and a buffer for exact trail-corridor analysis.
PARD-TRL-921,N Burleson,Vybe,Upgrade,Concrete,6,Developer,,403.31547428944606,LineString,30.0004333,-97.8722909,-97.8728334,30.0001697,-97.8717483,30.0006969,VybeTrails.geojson,trail corridor proximity/reference only,Use for trail area/status context. Use GeoJSON geometry and a buffer for exact trail-corridor analysis.
PARD-TRL-923,Add to Plan,Vybe,Awaiting Approval,Concrete,8,Developer,,2204.772890589121,LineString,30.0070528,-97.8692778,-97.870206,30.0041444,-97.8683496,30.0099611,VybeTrails.geojson,trail corridor proximity/reference only,Use for trail area/status context. Use GeoJSON geometry and a buffer for exact trail-corridor analysis.
PARD-TRL-925,Marketplace Ave,Vybe,Existing,Concrete,6,Developer,,793.5772396883544,LineString,30.0130414,-97.8670383,-97.8675475,30.0121371,-97.8665291,30.0139457,VybeTrails.geojson,trail corridor proximity/reference only,Use for trail area/status context. Use GeoJSON geometry and a buffer for exact trail-corridor analysis.
PARD-TRL-931,Dacy Ln,Vybe,In Review,Concrete,5,City,,4311.672857673158,LineString,30.0126875,-97.8436811,-97.8482591,30.0084054,-97.8391032,30.0169696,VybeTrails.geojson,trail corridor proximity/reference only,Use for trail area/status context. Use GeoJSON geometry and a buffer for exact trail-corridor analysis.
PARD-TRL-933,,Vybe,In Review,Concrete,,Developer,,468.0631300733141,LineString,30.011708,-97.8524352,-97.8529138,30.0112473,-97.8519567,30.0121686,VybeTrails.geojson,trail corridor proximity/reference only,Use for trail area/status context. Use GeoJSON geometry and a buffer for exact trail-corridor analysis.
PARD-TRL-936,Brookside,Vybe,Proposed,Concrete,10,City,2,2901.286545375634,LineString,29.9800601,-97.8612489,-97.8644257,29.9771862,-97.8580721,29.982934,VybeTrails.geojson,trail corridor proximity/reference only,Use for trail area/status context. Use GeoJSON geometry and a buffer for exact trail-corridor analysis.
PARD-TRL-938,N Burleson Rd,Vybe,Upgrade,Concrete,6,City,,913.4900363230613,LineString,29.9881122,-97.8769191,-97.8775274,29.9873189,-97.8763108,29.9889055,VybeTrails.geojson,trail corridor proximity/reference only,Use for trail area/status context. Use GeoJSON geometry and a buffer for exact trail-corridor analysis.
PARD-TRL-939,Hometown,Vybe,Upgrade,Concrete,6,City,,792.802490234999,LineString,29.9928215,-97.889089,-97.8898045,29.9921881,-97.8883734,29.9934549,VybeTrails.geojson,trail corridor proximity/reference only,Use for trail area/status context. Use GeoJSON geometry and a buffer for exact trail-corridor analysis.
PARD-TRL-941,Hometown,Vybe,Upgrade,Concrete,6,City,,1380.7611381564254,LineString,29.9950735,-97.8898603,-97.8904176,29.9934549,-97.889303,29.9966921,VybeTrails.geojson,trail corridor proximity/reference only,Use for trail area/status context. Use GeoJSON geometry and a buffer for exact trail-corridor analysis.
PARD-TRL-942,Hometown,Vybe,Upgrade,Concrete,6,City,,812.4687164920051,LineString,29.9977342,-97.8903218,-97.8905507,29.9966921,-97.8900929,29.9987763,VybeTrails.geojson,trail corridor proximity/reference only,Use for trail area/status context. Use GeoJSON geometry and a buffer for exact trail-corridor analysis.
PARD-TRL-943,Hometown,Vybe,Upgrade,Concrete,6,City,,1145.2067108736694,LineString,30.0000582,-97.8901215,-97.8906706,29.9987763,-97.8895723,30.0013401,VybeTrails.geojson,trail corridor proximity/reference only,Use for trail area/status context. Use GeoJSON geometry and a buffer for exact trail-corridor analysis.
PARD-TRL-944,Hometown,Vybe,Upgrade,Concrete,6,City,,398.4926341009213,LineString,30.0018207,-97.8909723,-97.891274,30.0013401,-97.8906706,30.0023014,VybeTrails.geojson,trail corridor proximity/reference only,Use for trail area/status context. Use GeoJSON geometry and a buffer for exact trail-corridor analysis.
PARD-TRL-945,Gregg Clarke Park,Vybe,Upgrade,Concrete,6,City,,524.6426262979551,LineString,29.9925319,-97.8876441,-97.8883734,29.9922028,-97.8869149,29.992861,VybeTrails.geojson,trail corridor proximity/reference only,Use for trail area/status context. Use GeoJSON geometry and a buffer for exact trail-corridor analysis.
PARD-TRL-947,Gregg Clarke Park,Vybe,Upgrade,Concrete,6,City,,467.1680333357775,LineString,29.9922989,-97.8868447,-97.8869566,29.9917368,-97.8867328,29.992861,VybeTrails.geojson,trail corridor proximity/reference only,Use for trail area/status context. Use GeoJSON geometry and a buffer for exact trail-corridor analysis.
PARD-TRL-948,Add to Plan,Vybe,Awaiting Approval,Concrete,,City,,819.031021223054,LineString,30.0280258,-97.8735215,-97.8748048,30.0279974,-97.8722381,30.0280542,VybeTrails.geojson,trail corridor proximity/reference only,Use for trail area/status context. Use GeoJSON geometry and a buffer for exact trail-corridor analysis.
PARD-TRL-949,Kohlers Crossing,Vybe,Proposed,Concrete,6,Road Project,,1633.6298784954088,LineString,30.0280376,-97.869673,-97.8722398,30.028003,-97.8671062,30.0280722,VybeTrails.geojson,trail corridor proximity/reference only,Use for trail area/status context. Use GeoJSON geometry and a buffer for exact trail-corridor analysis.
PARD-TRL-950,Kohlers Crossing,Vybe,Proposed,Concrete,,Road Project,,124.89772892780258,LineString,30.0280853,-97.866911,-97.8671062,30.0280722,-97.8667159,30.0280983,VybeTrails.geojson,trail corridor proximity/reference only,Use for trail area/status context. Use GeoJSON geometry and a buffer for exact trail-corridor analysis.
PARD-TRL-951,Kohlers Crossing,Vybe,Proposed,Concrete,6,Road Project,,1386.5733294052236,LineString,30.0281196,-97.8645251,-97.8667159,30.0280983,-97.8623344,30.0281409,VybeTrails.geojson,trail corridor proximity/reference only,Use for trail area/status context. Use GeoJSON geometry and a buffer for exact trail-corridor analysis.
PARD-TRL-952,Kohlers Crossing,Vybe,Existing,Concrete,,Road Project,,632.4283249902678,LineString,30.0279969,-97.8614791,-97.8623344,30.0278394,-97.8606238,30.0281544,VybeTrails.geojson,trail corridor proximity/reference only,Use for trail area/status context. Use GeoJSON geometry and a buffer for exact trail-corridor analysis.
PARD-TRL-953,Kohlers Crossing,Vybe,Proposed,Concrete,5,City,2,1508.1382691850663,LineString,30.028121,-97.8571707,-97.8595189,30.0280522,-97.8548224,30.0281899,VybeTrails.geojson,trail corridor proximity/reference only,Use for trail area/status context. Use GeoJSON geometry and a buffer for exact trail-corridor analysis.
PARD-TRL-954,Kohlers Crossing,Vybe,Upgrade,Concrete,,City,,544.6180376631697,LineString,30.028084,-97.853011,-97.8538354,30.0278695,-97.8521865,30.0282985,VybeTrails.geojson,trail corridor proximity/reference only,Use for trail area/status context. Use GeoJSON geometry and a buffer for exact trail-corridor analysis.
PARD-TRL-955,,Vybe,Proposed,Concrete,,Developer,,1874.281938100565,LineString,30.0322326,-97.8882009,-97.8887881,30.0297071,-97.8876138,30.034758,VybeTrails.geojson,trail corridor proximity/reference only,Use for trail area/status context. Use GeoJSON geometry and a buffer for exact trail-corridor analysis.
PARD-TRL-956,FM 2770,Vybe,Upgrade,Concrete,5,City,,806.6125086361868,LineString,30.0286742,-97.8891077,-97.8894273,30.0276413,-97.8887881,30.0297071,VybeTrails.geojson,trail corridor proximity/reference only,Use for trail area/status context. Use GeoJSON geometry and a buffer for exact trail-corridor analysis.
PARD-TRL-957,FM 2770,Vybe,Upgrade,Concrete,4,City,,557.6036450695098,LineString,30.0268912,-97.8895388,-97.8896503,30.0261411,-97.8894273,30.0276413,VybeTrails.geojson,trail corridor proximity/reference only,Use for trail area/status context. Use GeoJSON geometry and a buffer for exact trail-corridor analysis.
PARD-TRL-958,FM 2770,Vybe,Upgrade,Concrete,6,City,,796.0981704696898,LineString,30.0251048,-97.8897251,-97.8897999,30.0240685,-97.8896503,30.0261411,VybeTrails.geojson,trail corridor proximity/reference only,Use for trail area/status context. Use GeoJSON geometry and a buffer for exact trail-corridor analysis.
PARD-TRL-959,FM 2770,Vybe,Upgrade,Concrete,4,City,,1235.6467266208342,LineString,30.0224011,-97.8896462,-97.8898001,30.0207337,-97.8894924,30.0240685,VybeTrails.geojson,trail corridor proximity/reference only,Use for trail area/status context. Use GeoJSON geometry and a buffer for exact trail-corridor analysis.
PARD-TRL-960,FM 2770,Vybe,Upgrade,Concrete,4,City,,3292.185823951474,LineString,30.0173352,-97.8890781,-97.8903107,30.0139203,-97.8878456,30.0207501,VybeTrails.geojson,trail corridor proximity/reference only,Use for trail area/status context. Use GeoJSON geometry and a buffer for exact trail-corridor analysis.
PARD-TRL-961,FM 2770,Vybe,Upgrade,Concrete,,City,,644.7838994466373,LineString,30.0133588,-97.8906691,-97.8911479,30.0126315,-97.8901903,30.0140861,VybeTrails.geojson,trail corridor proximity/reference only,Use for trail area/status context. Use GeoJSON geometry and a buffer for exact trail-corridor analysis.
PARD-TRL-962,FM 2770,Vybe,Upgrade,Concrete,4,City,,153.7901235143507,LineString,30.0124607,-97.891257,-97.8913661,30.0122898,-97.8911479,30.0126315,VybeTrails.geojson,trail corridor proximity/reference only,Use for trail area/status context. Use GeoJSON geometry and a buffer for exact trail-corridor analysis.
PARD-TRL-963,N Old Stagecoach Rd,Vybe,In Review,Concrete,,Road Project,,2583.611178618291,LineString,30.0093763,-97.8938042,-97.895982,30.0065972,-97.8916263,30.0121553,VybeTrails.geojson,trail corridor proximity/reference only,Use for trail area/status context. Use GeoJSON geometry and a buffer for exact trail-corridor analysis.
PARD-TRL-964,N Old Stagecoach Rd,Vybe,In Review,Concrete,,Road Project,,3906.7531811636195,LineString,29.9961962,-97.8933526,-97.8943153,29.9910054,-97.8923898,30.001387,VybeTrails.geojson,trail corridor proximity/reference only,Use for trail area/status context. Use GeoJSON geometry and a buffer for exact trail-corridor analysis.
PARD-TRL-966,,Vybe,Proposed,Concrete,,Road Project,,5821.29839441656,LineString,29.9701352,-97.8916279,-97.8939165,29.9631312,-97.8893393,29.9771392,VybeTrails.geojson,trail corridor proximity/reference only,Use for trail area/status context. Use GeoJSON geometry and a buffer for exact trail-corridor analysis.
PARD-TRL-967,,Vybe,Proposed,Concrete,,Road Project,,2837.106162048051,LineString,29.9566658,-97.8886208,-97.889851,29.9530764,-97.8873905,29.9602551,VybeTrails.geojson,trail corridor proximity/reference only,Use for trail area/status context. Use GeoJSON geometry and a buffer for exact trail-corridor analysis.
PARD-TRL-968,,Vybe,Proposed,Concrete,,Road Project,,5351.056140077126,LineString,29.9479733,-97.881314,-97.8873905,29.9428702,-97.8752376,29.9530764,VybeTrails.geojson,trail corridor proximity/reference only,Use for trail area/status context. Use GeoJSON geometry and a buffer for exact trail-corridor analysis.
PARD-TRL-969,,Vybe,Proposed,Concrete,,Road Project,,6471.739948709398,LineString,29.9671413,-97.8676268,-97.8750323,29.9610243,-97.8602213,29.9732584,VybeTrails.geojson,trail corridor proximity/reference only,Use for trail area/status context. Use GeoJSON geometry and a buffer for exact trail-corridor analysis.
PARD-TRL-971,,Vybe,Proposed,Concrete,,Road Project,,3422.41423357282,LineString,29.9739008,-97.8679433,-97.871461,29.9704719,-97.8644257,29.9773297,VybeTrails.geojson,trail corridor proximity/reference only,Use for trail area/status context. Use GeoJSON geometry and a buffer for exact trail-corridor analysis.
PARD-TRL-972,Center St,Vybe,In Review,Concrete,4,Road Project,,1031.328517861981,LineString,29.9898875,-97.8847531,-97.8863615,29.9896665,-97.8831446,29.9901085,VybeTrails.geojson,trail corridor proximity/reference only,Use for trail area/status context. Use GeoJSON geometry and a buffer for exact trail-corridor analysis.
PARD-TRL-973,,Vybe,Proposed,Concrete,,Road Project,,1032.9611492021734,LineString,29.9883155,-97.883209,-97.8833561,29.9869645,-97.8830618,29.9896665,VybeTrails.geojson,trail corridor proximity/reference only,Use for trail area/status context. Use GeoJSON geometry and a buffer for exact trail-corridor analysis.
PARD-TRL-974,Scott St,Vybe,Upgrade,Concrete,6,Road Project,,1187.8527451949835,LineString,29.9858065,-97.8843725,-97.8856832,29.9846485,-97.8830618,29.9869645,VybeTrails.geojson,trail corridor proximity/reference only,Use for trail area/status context. Use GeoJSON geometry and a buffer for exact trail-corridor analysis.
PARD-TRL-975,,Vybe,Proposed,Concrete,,Developer,,2112.4149333105292,LineString,29.9826718,-97.883241,-97.8856832,29.980695,-97.8807988,29.9846485,VybeTrails.geojson,trail corridor proximity/reference only,Use for trail area/status context. Use GeoJSON geometry and a buffer for exact trail-corridor analysis.
PARD-TRL-978,,Vybe,Proposed,Concrete,,Developer,,7838.253449861948,LineString,29.9446934,-97.8181791,-97.8226241,29.9367998,-97.813734,29.9525869,VybeTrails.geojson,trail corridor proximity/reference only,Use for trail area/status context. Use GeoJSON geometry and a buffer for exact trail-corridor analysis.
PARD-TRL-980,,Vybe,In Review,Concrete,,Road Project,,3799.5998667981844,LineString,30.0228506,-97.8499712,-97.851232,30.0181222,-97.8487104,30.0275791,VybeTrails.geojson,trail corridor proximity/reference only,Use for trail area/status context. Use GeoJSON geometry and a buffer for exact trail-corridor analysis.
PARD-TRL-981,,Vybe,Proposed,Concrete,,Developer,,7481.517742913525,LineString,29.94689,-97.8559189,-97.8618668,29.9386348,-97.849971,29.9551453,VybeTrails.geojson,trail corridor proximity/reference only,Use for trail area/status context. Use GeoJSON geometry and a buffer for exact trail-corridor analysis.
PARD-TRL-990,,Vybe,Existing,Concrete,,Road Project,,4365.865491752377,LineString,29.9578963,-97.8675388,-97.8732109,29.9551401,-97.8618668,29.9606526,VybeTrails.geojson,trail corridor proximity/reference only,Use for trail area/status context. Use GeoJSON geometry and a buffer for exact trail-corridor analysis.
PARD-TRL-992,,Vybe,Proposed,Concrete,,Road Project,,1431.4718534568985,LineString,29.9607093,-97.8622951,-97.8625084,29.958787,-97.8620818,29.9626315,VybeTrails.geojson,trail corridor proximity/reference only,Use for trail area/status context. Use GeoJSON geometry and a buffer for exact trail-corridor analysis.
PARD-TRL-993,,Vybe,Proposed,Concrete,,Developer,,1873.8955121607357,LineString,30.0295446,-97.868233,-97.8697659,30.0280983,-97.8667001,30.0309909,VybeTrails.geojson,trail corridor proximity/reference only,Use for trail area/status context. Use GeoJSON geometry and a buffer for exact trail-corridor analysis.
PARD-TRL-994,Kohlers Crossing,Vybe,Proposed,Concrete,,Road Project,,2272.353585165925,LineString,30.0283933,-97.86311,-97.8667001,30.0283544,-97.8595198,30.0284321,VybeTrails.geojson,trail corridor proximity/reference only,Use for trail area/status context. Use GeoJSON geometry and a buffer for exact trail-corridor analysis.
PARD-TRL-995,,Vybe,In Review,Concrete,,Road Project,,3381.8836792258003,LineString,30.019951,-97.8654506,-97.8688288,30.0172016,-97.8620725,30.0227005,VybeTrails.geojson,trail corridor proximity/reference only,Use for trail area/status context. Use GeoJSON geometry and a buffer for exact trail-corridor analysis.
PARD-TRL-996,,Vybe,In Review,Concrete,,Developer,,2884.189309849664,LineString,30.0152222,-97.8688976,-97.8709997,30.0134704,-97.8667955,30.016974,VybeTrails.geojson,trail corridor proximity/reference only,Use for trail area/status context. Use GeoJSON geometry and a buffer for exact trail-corridor analysis.
PARD-TRL-997,,Vybe,Existing,Concrete,4,Developer,,888.2646443314886,LineString,30.0162576,-97.8717774,-97.8725551,30.0152931,-97.8709997,30.017222,VybeTrails.geojson,trail corridor proximity/reference only,Use for trail area/status context. Use GeoJSON geometry and a buffer for exact trail-corridor analysis.
PARD-TRL-999,,Vybe,Existing,Concrete,,Developer,,779.5243696133006,LineString,30.0257222,-97.8746461,-97.8748094,30.0246947,-97.8744828,30.0267497,VybeTrails.geojson,trail corridor proximity/reference only,Use for trail area/status context. Use GeoJSON geometry and a buffer for exact trail-corridor analysis.
PARD-TRL-1000,,Vybe,Proposed,Concrete,,Developer,,5895.543294105827,LineString,30.0061235,-97.8406011,-97.8453971,30.0012974,-97.8358051,30.0109495,VybeTrails.geojson,trail corridor proximity/reference only,Use for trail area/status context. Use GeoJSON geometry and a buffer for exact trail-corridor analysis.
PARD-TRL-1001,,Vybe,Proposed,Concrete,,Road Project,,3961.804833062094,LineString,29.9753495,-97.8535916,-97.856797,29.9707026,-97.8503862,29.9799965,VybeTrails.geojson,trail corridor proximity/reference only,Use for trail area/status context. Use GeoJSON geometry and a buffer for exact trail-corridor analysis.
PARD-TRL-1002,,Vybe,Proposed,Concrete,,Road Project,,5061.593155651578,LineString,29.947936,-97.8696573,-97.8751734,29.942904,-97.8641411,29.952968,VybeTrails.geojson,trail corridor proximity/reference only,Use for trail area/status context. Use GeoJSON geometry and a buffer for exact trail-corridor analysis.
PARD-TRL-1003,,Vybe,In Review,Concrete,,Road Project,,2364.0597770674735,LineString,30.0151454,-97.8514664,-97.8529138,30.0121686,-97.850019,30.0181222,VybeTrails.geojson,trail corridor proximity/reference only,Use for trail area/status context. Use GeoJSON geometry and a buffer for exact trail-corridor analysis.
PARD-TRL-1005,,Vybe,In Review,Concrete,,Developer,,1030.8838470707865,LineString,30.0158387,-97.8559967,-97.8574105,30.0152031,-97.8545829,30.0164743,VybeTrails.geojson,trail corridor proximity/reference only,Use for trail area/status context. Use GeoJSON geometry and a buffer for exact trail-corridor analysis.
PARD-TRL-1006,,Vybe,Proposed,Concrete,,Developer,,2560.5728853740084,LineString,30.0118763,-97.8486834,-97.8519696,30.0100885,-97.8453971,30.0136641,VybeTrails.geojson,trail corridor proximity/reference only,Use for trail area/status context. Use GeoJSON geometry and a buffer for exact trail-corridor analysis.
PARD-TRL-1007,Lake Kyle,Vybe,Upgrade,Concrete,6,City,1,246.1536410697863,LineString,29.9845022,-97.8594078,-97.8596191,29.9842299,-97.8591966,29.9847744,VybeTrails.geojson,trail corridor proximity/reference only,Use for trail area/status context. Use GeoJSON geometry and a buffer for exact trail-corridor analysis.
PARD-TRL-1009,Cromwell,Vybe,Existing,Concrete,5,Developer,,648.5388683669912,LineString,30.0165784,-97.8731952,-97.8738352,30.0159349,-97.8725551,30.017222,VybeTrails.geojson,trail corridor proximity/reference only,Use for trail area/status context. Use GeoJSON geometry and a buffer for exact trail-corridor analysis.
PARD-TRL-1010,Rastegar,Vybe,In Review,Concrete,,Developer,,3131.1266277372856,LineString,29.9734113,-97.8331936,-97.8341961,29.9694974,-97.8321911,29.9773252,VybeTrails.geojson,trail corridor proximity/reference only,Use for trail area/status context. Use GeoJSON geometry and a buffer for exact trail-corridor analysis.
PARD-TRL-1012,,Vybe,Proposed,Concrete,,City,2,1859.5652121984342,LineString,29.9771361,-97.8542462,-97.8565295,29.9762322,-97.8519629,29.9780401,VybeTrails.geojson,trail corridor proximity/reference only,Use for trail area/status context. Use GeoJSON geometry and a buffer for exact trail-corridor analysis.
PARD-TRL-1013,Pecan Woods,Vybe,Proposed,Concrete,,City,1,952.9387808076904,LineString,29.9691254,-97.8341374,-97.8354409,29.9687534,-97.832834,29.9694974,VybeTrails.geojson,trail corridor proximity/reference only,Use for trail area/status context. Use GeoJSON geometry and a buffer for exact trail-corridor analysis.
PARD-TRL-1015,No Easement,Vybe,Upgrade,Concrete,,City,3,1945.4924145636057,LineString,29.9907235,-97.8437007,-97.8448457,29.9884058,-97.8425556,29.9930412,VybeTrails.geojson,trail corridor proximity/reference only,Use for trail area/status context. Use GeoJSON geometry and a buffer for exact trail-corridor analysis.
PARD-TRL-1016,,Vybe,Proposed,Concrete,,Developer,,2104.6849087814944,LineString,29.9783491,-97.8793913,-97.8807988,29.9760031,-97.8779839,29.980695,VybeTrails.geojson,trail corridor proximity/reference only,Use for trail area/status context. Use GeoJSON geometry and a buffer for exact trail-corridor analysis.
PARD-TRL-1017,,Vybe,Proposed,Concrete,,Developer,,1386.6308448769728,LineString,29.9746307,-97.8765081,-97.8779839,29.9732584,-97.8750323,29.9760031,VybeTrails.geojson,trail corridor proximity/reference only,Use for trail area/status context. Use GeoJSON geometry and a buffer for exact trail-corridor analysis.
PARD-TRL-1018,,Vybe,In Review,Concrete,,Road Project,,3421.5263561268766,LineString,29.966667,-97.8595005,-97.862204,29.9626315,-97.856797,29.9707026,VybeTrails.geojson,trail corridor proximity/reference only,Use for trail area/status context. Use GeoJSON geometry and a buffer for exact trail-corridor analysis.
PARD-TRL-1019,,Vybe,Proposed,Concrete,,Road Project,,1267.5908372903496,LineString,29.9616932,-97.8908045,-97.891758,29.9602551,-97.889851,29.9631312,VybeTrails.geojson,trail corridor proximity/reference only,Use for trail area/status context. Use GeoJSON geometry and a buffer for exact trail-corridor analysis.
PARD-TRL-1021,Dacy Ln,Vybe,Under Construction,Concrete,12,Road Project,1,3360.4098228427692,LineString,30.0193903,-97.8352944,-97.8391032,30.0169696,-97.8314856,30.0218111,VybeTrails.geojson,trail corridor proximity/reference only,Use for trail area/status context. Use GeoJSON geometry and a buffer for exact trail-corridor analysis.
PARD-TRL-1022,,Vybe,Proposed,Concrete,,Developer,,6845.9028889297115,LineString,29.988081,-97.834365,-97.8402172,29.9810941,-97.8285128,29.9950678,VybeTrails.geojson,trail corridor proximity/reference only,Use for trail area/status context. Use GeoJSON geometry and a buffer for exact trail-corridor analysis.
PARD-TRL-1023,Main St,Vybe,Proposed,Concrete,,City,2,2351.428162507058,LineString,29.9845337,-97.877987,-97.8795625,29.9817484,-97.8764114,29.9873189,VybeTrails.geojson,trail corridor proximity/reference only,Use for trail area/status context. Use GeoJSON geometry and a buffer for exact trail-corridor analysis.
PARD-TRL-1024,No Easement,Vybe,Proposed,Concrete,,City,3,3526.859254612554,LineString,30.0416625,-97.8240401,-97.8251191,30.0371321,-97.8229611,30.0461929,VybeTrails.geojson,trail corridor proximity/reference only,Use for trail area/status context. Use GeoJSON geometry and a buffer for exact trail-corridor analysis.
PARD-TRL-1025,Lake Kyle,Vybe,Proposed,Concrete,6,City,1,947.5460297179256,LineString,29.985217,-97.8583703,-97.8594455,29.9847744,-97.8572952,29.9856597,VybeTrails.geojson,trail corridor proximity/reference only,Use for trail area/status context. Use GeoJSON geometry and a buffer for exact trail-corridor analysis.
PARD-TRL-1028,,Vybe,Existing,Concrete,,Developer,,3580.700915427793,LineString,29.9967572,-97.8668077,-97.8700145,29.992881,-97.8636008,30.0006334,VybeTrails.geojson,trail corridor proximity/reference only,Use for trail area/status context. Use GeoJSON geometry and a buffer for exact trail-corridor analysis.
PARD-TRL-1029,,Vybe,Proposed,Concrete,,Developer,,954.7108399804183,LineString,29.9863565,-97.8700743,-97.8712843,29.9858158,-97.8688643,29.9868971,VybeTrails.geojson,trail corridor proximity/reference only,Use for trail area/status context. Use GeoJSON geometry and a buffer for exact trail-corridor analysis.
PARD-TRL-1030,,Vybe,Proposed,Concrete,,Developer,,1091.7824518758794,LineString,29.9895547,-97.8685361,-97.8696538,29.9884116,-97.8674185,29.9906978,VybeTrails.geojson,trail corridor proximity/reference only,Use for trail area/status context. Use GeoJSON geometry and a buffer for exact trail-corridor analysis.
PARD-TRL-1031,,Vybe,Proposed,Concrete,,Developer,,2445.338345021383,LineString,30.0214225,-97.8237955,-97.8252989,30.0184344,-97.8222921,30.0244105,VybeTrails.geojson,trail corridor proximity/reference only,Use for trail area/status context. Use GeoJSON geometry and a buffer for exact trail-corridor analysis.
PARD-TRL-1032,No Easement,Vybe,Proposed,Concrete,,City,3,5715.113058340561,LineString,30.0119257,-97.827313,-97.8323515,30.0054054,-97.8222744,30.0184461,VybeTrails.geojson,trail corridor proximity/reference only,Use for trail area/status context. Use GeoJSON geometry and a buffer for exact trail-corridor analysis.
PARD-TRL-1033,No Easement,Vybe,Proposed,Concrete,,City,3,5161.5949224032,LineString,30.0244388,-97.8178689,-97.8222587,30.0184595,-97.8134792,30.0304181,VybeTrails.geojson,trail corridor proximity/reference only,Use for trail area/status context. Use GeoJSON geometry and a buffer for exact trail-corridor analysis.
PARD-TRL-1034,,Vybe,Proposed,Concrete,,Developer,,2013.7362106876542,LineString,30.0321197,-97.8434241,-97.8465201,30.0319345,-97.840328,30.032305,VybeTrails.geojson,trail corridor proximity/reference only,Use for trail area/status context. Use GeoJSON geometry and a buffer for exact trail-corridor analysis.
PARD-TRL-1035,No Easement,Vybe,Proposed,Concrete,,City,3,3477.3037405888,LineString,30.0275924,-97.8356801,-97.8368855,30.0233087,-97.8344748,30.031876,VybeTrails.geojson,trail corridor proximity/reference only,Use for trail area/status context. Use GeoJSON geometry and a buffer for exact trail-corridor analysis.
PARD-TRL-1036,,Vybe,Proposed,Concrete,,Road Project,,1091.9210129258665,LineString,30.0319208,-97.8386067,-97.840328,30.031866,-97.8368855,30.0319756,VybeTrails.geojson,trail corridor proximity/reference only,Use for trail area/status context. Use GeoJSON geometry and a buffer for exact trail-corridor analysis.
PARD-TRL-1037,,Vybe,Proposed,Concrete,,City,2,1006.6322599887326,LineString,29.9850841,-97.8659436,-97.8671889,29.9843593,-97.8646982,29.9858089,VybeTrails.geojson,trail corridor proximity/reference only,Use for trail area/status context. Use GeoJSON geometry and a buffer for exact trail-corridor analysis.
PARD-TRL-1038,No Easement,Vybe,Proposed,Concrete,,City,3,5216.766415033755,LineString,30.0244534,-97.8178095,-97.8222921,30.0184344,-97.813327,30.0304724,VybeTrails.geojson,trail corridor proximity/reference only,Use for trail area/status context. Use GeoJSON geometry and a buffer for exact trail-corridor analysis.
PARD-TRL-1039,,Vybe,Proposed,Concrete,,Road Project,,3438.3673306400347,LineString,30.0333928,-97.8092156,-97.813327,30.0304724,-97.8051043,30.0363133,VybeTrails.geojson,trail corridor proximity/reference only,Use for trail area/status context. Use GeoJSON geometry and a buffer for exact trail-corridor analysis.
PARD-TRL-1040,No Easement,Vybe,Proposed,Concrete,,City,3,4646.949848867372,LineString,30.0353915,-97.8004958,-97.8051187,30.0331655,-97.7958729,30.0376175,VybeTrails.geojson,trail corridor proximity/reference only,Use for trail area/status context. Use GeoJSON geometry and a buffer for exact trail-corridor analysis.
PARD-TRL-1041,,Vybe,Proposed,Concrete,,Developer,,5348.6897525233135,LineString,30.0388823,-97.7898618,-97.7958729,30.0358003,-97.7838507,30.0419642,VybeTrails.geojson,trail corridor proximity/reference only,Use for trail area/status context. Use GeoJSON geometry and a buffer for exact trail-corridor analysis.
PARD-TRL-1042,,Vybe,Upgrade,Concrete,,City,,2744.2121315743448,LineString,30.0010435,-97.853214,-97.8557766,29.998156,-97.8506514,30.003931,VybeTrails.geojson,trail corridor proximity/reference only,Use for trail area/status context. Use GeoJSON geometry and a buffer for exact trail-corridor analysis.
PARD-TRL-1043,,Vybe,In Review,Concrete,,Road Project,,3263.756057614454,LineString,29.9955628,-97.8467443,-97.8506514,29.9929695,-97.8428373,29.998156,VybeTrails.geojson,trail corridor proximity/reference only,Use for trail area/status context. Use GeoJSON geometry and a buffer for exact trail-corridor analysis.
PARD-TRL-1044,,Vybe,Proposed,Concrete,,Developer,,7050.238593255065,LineString,30.0080293,-97.9245113,-97.9323269,30.0030885,-97.9166956,30.0129701,VybeTrails.geojson,trail corridor proximity/reference only,Use for trail area/status context. Use GeoJSON geometry and a buffer for exact trail-corridor analysis.
PARD-TRL-1045,Plum Creek Trail,Vybe,Proposed,Concrete,8,City,1,1607.4373918544788,LineString,29.986551,-97.8570647,-97.858063,29.9853811,-97.8560664,29.9877208,VybeTrails.geojson,trail corridor proximity/reference only,Use for trail area/status context. Use GeoJSON geometry and a buffer for exact trail-corridor analysis.
PARD-TRL-1046,Plum Creek Trail,Vybe,In Review,Concrete,8,City,2,1811.1558384133953,LineString,29.9821071,-97.8521367,-97.854108,29.9805789,-97.8501655,29.9836353,VybeTrails.geojson,trail corridor proximity/reference only,Use for trail area/status context. Use GeoJSON geometry and a buffer for exact trail-corridor analysis.
PARD-TRL-1047,Plum Creek Trail,Vybe,In Review,Concrete,8,City,2,235.05299081910334,LineString,29.9802877,-97.8502753,-97.8503935,29.9799965,-97.850157,29.9805789,VybeTrails.geojson,trail corridor proximity/reference only,Use for trail area/status context. Use GeoJSON geometry and a buffer for exact trail-corridor analysis.
PARD-TRL-1048,,Vybe,In Review,Concrete,,Developer,,2573.689215403212,LineString,30.002475,-97.8346303,-97.8369091,29.9995445,-97.8323515,30.0054054,VybeTrails.geojson,trail corridor proximity/reference only,Use for trail area/status context. Use GeoJSON geometry and a buffer for exact trail-corridor analysis.
PARD-TRL-1050,,Vybe,In Review,Concrete,,City,2,835.4649902822947,LineString,29.9845552,-97.854721,-97.8553392,29.9836353,-97.8541029,29.985475,VybeTrails.geojson,trail corridor proximity/reference only,Use for trail area/status context. Use GeoJSON geometry and a buffer for exact trail-corridor analysis.
PARD-TRL-1051,Waterleaf,Vybe,Proposed,Concrete,,City,1,2336.4715731532674,LineString,29.9690873,-97.8376264,-97.839815,29.9678911,-97.8354378,29.9702835,VybeTrails.geojson,trail corridor proximity/reference only,Use for trail area/status context. Use GeoJSON geometry and a buffer for exact trail-corridor analysis.
PARD-TRL-1053,,Vybe,Proposed,Concrete,,City,2,453.1702712782546,LineString,29.9833442,-97.8543747,-97.8546363,29.9828548,-97.8541131,29.9838336,VybeTrails.geojson,trail corridor proximity/reference only,Use for trail area/status context. Use GeoJSON geometry and a buffer for exact trail-corridor analysis.
PARD-TRL-1054,Plum Creek Trail,Vybe,In Review,Concrete,8,City,1,967.7773941021056,LineString,29.9757891,-97.8436272,-97.8441736,29.9746,-97.8430808,29.9769781,VybeTrails.geojson,trail corridor proximity/reference only,Use for trail area/status context. Use GeoJSON geometry and a buffer for exact trail-corridor analysis.
PARD-TRL-1055,Plum Creek Trail,Vybe,In Review,Concrete,8,City,1,1206.2153880208148,LineString,29.9793089,-97.8486918,-97.8503862,29.9786213,-97.8469975,29.9799965,VybeTrails.geojson,trail corridor proximity/reference only,Use for trail area/status context. Use GeoJSON geometry and a buffer for exact trail-corridor analysis.
PARD-TRL-1056,,Vybe,Proposed,Concrete,,City,1,2559.4106357775645,LineString,30.0206977,-97.8372119,-97.8390083,30.0180867,-97.8354155,30.0233087,VybeTrails.geojson,trail corridor proximity/reference only,Use for trail area/status context. Use GeoJSON geometry and a buffer for exact trail-corridor analysis.
PARD-TRL-1057,Lehman Rd Extension,Vybe,In Review,Concrete,,Road Project,,4084.825803890417,LineString,30.0032315,-97.8493699,-97.8506514,29.998156,-97.8480884,30.008307,VybeTrails.geojson,trail corridor proximity/reference only,Use for trail area/status context. Use GeoJSON geometry and a buffer for exact trail-corridor analysis.
PARD-TRL-1060,,Vybe,In Review,Concrete,,Road Project,,1858.3316352990487,LineString,29.989298,-97.880251,-97.8831446,29.9889055,-97.8773573,29.9896904,VybeTrails.geojson,trail corridor proximity/reference only,Use for trail area/status context. Use GeoJSON geometry and a buffer for exact trail-corridor analysis.
PARD-TRL-1061,,Vybe,In Review,Concrete,,Road Project,,1255.4879242632924,LineString,29.9903944,-97.8883172,-97.8902728,29.9901085,-97.8863615,29.9906803,VybeTrails.geojson,trail corridor proximity/reference only,Use for trail area/status context. Use GeoJSON geometry and a buffer for exact trail-corridor analysis.
PARD-TRL-1062,,Vybe,In Review,Concrete,,Road Project,,680.5135223735066,LineString,29.9908428,-97.8913313,-97.8923898,29.9906803,-97.8902728,29.9910054,VybeTrails.geojson,trail corridor proximity/reference only,Use for trail area/status context. Use GeoJSON geometry and a buffer for exact trail-corridor analysis.
PARD-TRL-1063,Remove from Plan,Vybe,Remove from Plan,Concrete,,Remove?,,1829.771132850213,LineString,29.988083,-97.8812515,-97.8830618,29.9869645,-97.8794411,29.9892016,VybeTrails.geojson,trail corridor proximity/reference only,Use for trail area/status context. Use GeoJSON geometry and a buffer for exact trail-corridor analysis.
PARD-TRL-1064,Marketplace Ave,Vybe,Existing,Concrete,6,Developer,,568.8706744174315,LineString,30.0107045,-97.8680543,-97.8683488,30.0099666,-97.8677599,30.0114424,VybeTrails.geojson,trail corridor proximity/reference only,Use for trail area/status context. Use GeoJSON geometry and a buffer for exact trail-corridor analysis.
PARD-TRL-1065,Sage Hollow,Vybe,Existing,Concrete,12,Developer,1,1884.0348034553137,LineString,30.0138074,-97.8973257,-97.8992422,30.0127816,-97.8954091,30.0148332,VybeTrails.geojson,trail corridor proximity/reference only,Use for trail area/status context. Use GeoJSON geometry and a buffer for exact trail-corridor analysis.
PARD-TRL-1066,Sage Hollow,Vybe,Existing,Concrete,12,Developer,1,553.6300283010867,LineString,30.0122548,-97.8947915,-97.8954091,30.0117281,-97.8941738,30.0127816,VybeTrails.geojson,trail corridor proximity/reference only,Use for trail area/status context. Use GeoJSON geometry and a buffer for exact trail-corridor analysis.
PARD-TRL-1067,Philomena,Vybe,In Review,Concrete,6,City,1,226.47152757620972,LineString,29.9992487,-97.8626056,-97.8628279,29.9990134,-97.8623833,29.999484,VybeTrails.geojson,trail corridor proximity/reference only,Use for trail area/status context. Use GeoJSON geometry and a buffer for exact trail-corridor analysis.
PARD-TRL-1068,Sage Hollow,Vybe,Proposed,Concrete,12,Developer,1,449.6002797441201,LineString,30.0112607,-97.893711,-97.8941738,30.0107932,-97.8932482,30.0117281,VybeTrails.geojson,trail corridor proximity/reference only,Use for trail area/status context. Use GeoJSON geometry and a buffer for exact trail-corridor analysis.
PARD-TRL-1069,Marketplace Ave,Vybe,Existing,Concrete,12,Developer,,559.451203229561,LineString,30.0146155,-97.8663672,-97.8667955,30.0139457,-97.865939,30.0152853,VybeTrails.geojson,trail corridor proximity/reference only,Use for trail area/status context. Use GeoJSON geometry and a buffer for exact trail-corridor analysis.
PARD-TRL-1070,Marketplace Ave,Vybe,Existing,Concrete,12,Developer,,262.9456614115853,LineString,30.0117898,-97.8676537,-97.8677599,30.0114424,-97.8675475,30.0121371,VybeTrails.geojson,trail corridor proximity/reference only,Use for trail area/status context. Use GeoJSON geometry and a buffer for exact trail-corridor analysis.
PARD-TRL-1071,Cool Springs,Vybe,Upgrade,Concrete,4,City,,62.55200892394387,LineString,29.9643658,-97.8495052,-97.8495728,29.9643032,-97.8494375,29.9644285,VybeTrails.geojson,trail corridor proximity/reference only,Use for trail area/status context. Use GeoJSON geometry and a buffer for exact trail-corridor analysis.
PARD-TRL-1072,Center St,Vybe,Upgrade,Concrete,4,City,,174.6067721375433,LineString,29.9903456,-97.8863369,-97.8863735,29.9901085,-97.8863002,29.9905826,VybeTrails.geojson,trail corridor proximity/reference only,Use for trail area/status context. Use GeoJSON geometry and a buffer for exact trail-corridor analysis.
PARD-TRL-1073,Marketplace,Vybe,In Review,Concrete,8,Developer,,725.1682450800573,LineString,30.0044078,-97.8694646,-97.8704752,30.0041334,-97.8684539,30.0046822,VybeTrails.geojson,trail corridor proximity/reference only,Use for trail area/status context. Use GeoJSON geometry and a buffer for exact trail-corridor analysis.
PARD-TRL-1074,Proposed,Vybe,In Review,Concrete,,Developer,,575.7502529809399,LineString,30.0042345,-97.8677114,-97.8684539,30.0037867,-97.8669689,30.0046822,VybeTrails.geojson,trail corridor proximity/reference only,Use for trail area/status context. Use GeoJSON geometry and a buffer for exact trail-corridor analysis.
PARD-TRL-1075,Dacy Ln,Vybe,Upgrade,Concrete,4,City,,552.6428166572609,LineString,30.004391,-97.8562906,-97.856926,30.003931,-97.8556552,30.004851,VybeTrails.geojson,trail corridor proximity/reference only,Use for trail area/status context. Use GeoJSON geometry and a buffer for exact trail-corridor analysis.
PARD-TRL-1076,Philomena,Vybe,Existing,Concrete,4,City,,2608.5765578317873,LineString,30.0021675,-97.8596546,-97.8623833,29.999484,-97.856926,30.004851,VybeTrails.geojson,trail corridor proximity/reference only,Use for trail area/status context. Use GeoJSON geometry and a buffer for exact trail-corridor analysis.
PARD-TRL-1077,,Vybe,Proposed,Concrete,,Developer,,474.52427146183163,LineString,30.0273828,-97.8747715,-97.8748279,30.0267497,-97.8747151,30.0280159,VybeTrails.geojson,trail corridor proximity/reference only,Use for trail area/status context. Use GeoJSON geometry and a buffer for exact trail-corridor analysis.
PARD-TRL-1078,FM 2770,Vybe,Upgrade,Concrete,4,City,,117.64189300681694,LineString,30.0122385,-97.8914891,-97.8916263,30.0121553,-97.8913518,30.0123217,VybeTrails.geojson,trail corridor proximity/reference only,Use for trail area/status context. Use GeoJSON geometry and a buffer for exact trail-corridor analysis.
PARD-TRL-1471,Remove from Plan,Vybe,Remove from Plan,Concrete,,Remove?,,862.9553903788027,LineString,30.0289437,-97.8737487,-97.8745869,30.0283778,-97.8729106,30.0295095,VybeTrails.geojson,trail corridor proximity/reference only,Use for trail area/status context. Use GeoJSON geometry and a buffer for exact trail-corridor analysis.
PARD-TRL-1472,,Vybe,In Review,Concrete,,Developer,,545.3703441938983,LineString,30.0302455,-97.874692,-97.8747264,30.0294993,-97.8746575,30.0309918,VybeTrails.geojson,trail corridor proximity/reference only,Use for trail area/status context. Use GeoJSON geometry and a buffer for exact trail-corridor analysis.
PARD-TRL-1473,,Vybe,Proposed,Concrete,,Developer,,1176.2683107910057,LineString,30.0309837,-97.8710682,-97.8729268,30.0309796,-97.8692096,30.0309879,VybeTrails.geojson,trail corridor proximity/reference only,Use for trail area/status context. Use GeoJSON geometry and a buffer for exact trail-corridor analysis.
PARD-TRL-1475,,Vybe,In Review,Concrete,,City,,562.0917228766151,LineString,30.0309899,-97.8738149,-97.8747031,30.0309879,-97.8729268,30.0309918,VybeTrails.geojson,trail corridor proximity/reference only,Use for trail area/status context. Use GeoJSON geometry and a buffer for exact trail-corridor analysis.
PARD-TRL-1476,,Vybe,Proposed,Concrete,,Developer,,975.6690011871672,LineString,30.0344534,-97.8788434,-97.879816,30.0334126,-97.8778708,30.0354942,VybeTrails.geojson,trail corridor proximity/reference only,Use for trail area/status context. Use GeoJSON geometry and a buffer for exact trail-corridor analysis.
PARD-TRL-1478,N Old Stagecoach Rd,Vybe,Proposed,Concrete,,Road Project,,5129.220290755698,LineString,29.9840723,-97.8929449,-97.8939165,29.9771392,-97.8919733,29.9910054,VybeTrails.geojson,trail corridor proximity/reference only,Use for trail area/status context. Use GeoJSON geometry and a buffer for exact trail-corridor analysis.
PARD-TRL-1479,Six Creeks,Vybe,Existing,Concrete,,Developer,,2807.3203251559103,LineString,30.005169,-97.9057001,-97.9098706,30.0041041,-97.9015297,30.0062338,VybeTrails.geojson,trail corridor proximity/reference only,Use for trail area/status context. Use GeoJSON geometry and a buffer for exact trail-corridor analysis.
PARD-TRL-1480,,Vybe,Existing,Concrete,,Developer,,2198.228653758304,LineString,30.0069326,-97.901756,-97.902236,30.0040915,-97.9012761,30.0097737,VybeTrails.geojson,trail corridor proximity/reference only,Use for trail area/status context. Use GeoJSON geometry and a buffer for exact trail-corridor analysis.
PARD-TRL-1481,Main St,Vybe,Proposed,Concrete,,Road Project,,2809.4530535294125,LineString,29.9783399,-97.881288,-97.8830135,29.9749314,-97.8795625,29.9817484,VybeTrails.geojson,trail corridor proximity/reference only,Use for trail area/status context. Use GeoJSON geometry and a buffer for exact trail-corridor analysis.
PARD-TRL-1482,,Vybe,Under Construction,Concrete,,Road Project,,2208.0838075190773,LineString,29.9558775,-97.8631516,-97.8641411,29.952968,-97.8621621,29.958787,VybeTrails.geojson,trail corridor proximity/reference only,Use for trail area/status context. Use GeoJSON geometry and a buffer for exact trail-corridor analysis.
PARD-TRL-1483,,Vybe,Proposed,Concrete,,Road Project,,614.3281248908836,LineString,29.9593922,-97.8582002,-97.8589115,29.958818,-97.8574889,29.9599665,VybeTrails.geojson,trail corridor proximity/reference only,Use for trail area/status context. Use GeoJSON geometry and a buffer for exact trail-corridor analysis.
PARD-TRL-1484,,Vybe,In Review,Concrete,,Road Project,,565.6778515578363,LineString,29.9604954,-97.8595664,-97.8602213,29.9599665,-97.8589115,29.9610243,VybeTrails.geojson,trail corridor proximity/reference only,Use for trail area/status context. Use GeoJSON geometry and a buffer for exact trail-corridor analysis.
PARD-TRL-1485,,Vybe,In Review,Concrete,,City,2,737.9553916786579,LineString,29.986252,-97.8558166,-97.8562941,29.985475,-97.8553392,29.987029,VybeTrails.geojson,trail corridor proximity/reference only,Use for trail area/status context. Use GeoJSON geometry and a buffer for exact trail-corridor analysis.
PARD-TRL-1487,,Vybe,In Review,Concrete,,Developer,,1710.949865143828,LineString,29.9792097,-97.8306487,-97.8321911,29.9773252,-97.8291062,29.9810941,VybeTrails.geojson,trail corridor proximity/reference only,Use for trail area/status context. Use GeoJSON geometry and a buffer for exact trail-corridor analysis.
PARD-TRL-1488,Dacy Ln,Vybe,Proposed,Concrete,4,City,,887.5328521366936,LineString,30.0048494,-97.8546327,-97.8556552,30.0040389,-97.8536103,30.0056599,VybeTrails.geojson,trail corridor proximity/reference only,Use for trail area/status context. Use GeoJSON geometry and a buffer for exact trail-corridor analysis.
PARD-TRL-1489,,Vybe,Proposed,Concrete,,Developer,,1044.329161348972,LineString,30.0144336,-97.8532763,-97.8545829,30.0136641,-97.8519696,30.0152031,VybeTrails.geojson,trail corridor proximity/reference only,Use for trail area/status context. Use GeoJSON geometry and a buffer for exact trail-corridor analysis.
PARD-TRL-1490,,Vybe,Proposed,Concrete,,Developer,,472.9681433188405,LineString,30.017002,-97.8578363,-97.858262,30.0164743,-97.8574105,30.0175298,VybeTrails.geojson,trail corridor proximity/reference only,Use for trail area/status context. Use GeoJSON geometry and a buffer for exact trail-corridor analysis.
PARD-TRL-1491,,Vybe,In Review,Concrete,,Developer,,248.32238552753537,LineString,30.017825,-97.858451,-97.8586399,30.0175298,-97.858262,30.0181202,VybeTrails.geojson,trail corridor proximity/reference only,Use for trail area/status context. Use GeoJSON geometry and a buffer for exact trail-corridor analysis.
PARD-TRL-1492,,Vybe,Existing,Concrete,,Developer,,1949.745116434853,LineString,30.0257398,-97.861281,-97.8620417,30.0236401,-97.8605202,30.0278394,VybeTrails.geojson,trail corridor proximity/reference only,Use for trail area/status context. Use GeoJSON geometry and a buffer for exact trail-corridor analysis.
PARD-TRL-1493,,Vybe,Proposed,,,City,,415.00613121526135,LineString,30.0171294,-97.8689554,-97.8691117,30.0166694,-97.868799,30.0175893,VybeTrails.geojson,trail corridor proximity/reference only,Use for trail area/status context. Use GeoJSON geometry and a buffer for exact trail-corridor analysis.
PARD-TRL-1495,Proposed,Vybe,Proposed,Concrete,,City,2,285.97120205577255,LineString,30.003409,-97.8861676,-97.8863914,30.0030801,-97.8859438,30.0037379,VybeTrails.geojson,trail corridor proximity/reference only,Use for trail area/status context. Use GeoJSON geometry and a buffer for exact trail-corridor analysis.
PARD-TRL-1496,,Vybe,Existing,Concrete,,Developer,,393.89939270284253,LineString,30.0279458,-97.8600714,-97.8606238,30.0278394,-97.8595189,30.0280522,VybeTrails.geojson,trail corridor proximity/reference only,Use for trail area/status context. Use GeoJSON geometry and a buffer for exact trail-corridor analysis.
PARD-TRL-1496,,Vybe,Proposed,Concrete,,Developer,,137.15056356034125,LineString,30.0282407,-97.8595193,-97.8595198,30.0280522,-97.8595189,30.0284293,VybeTrails.geojson,trail corridor proximity/reference only,Use for trail area/status context. Use GeoJSON geometry and a buffer for exact trail-corridor analysis.
PARD-TRL-954,Kohlers Crossing,Vybe,In Review,Concrete,,City,,325.72447236036874,LineString,30.0277243,-97.8517093,-97.8521865,30.0275791,-97.851232,30.0278695,VybeTrails.geojson,trail corridor proximity/reference only,Use for trail area/status context. Use GeoJSON geometry and a buffer for exact trail-corridor analysis.
PARD-TRL-74,Proposed,Vybe,In Review,Concrete,,Developer,,264.94280785097357,LineString,30.0047008,-97.8688719,-97.8692899,30.0046822,-97.8684539,30.0047193,VybeTrails.geojson,trail corridor proximity/reference only,Use for trail area/status context. Use GeoJSON geometry and a buffer for exact trail-corridor analysis.
PARD-TRL-1034,,Vybe,Existing,Concrete,,Developer,,1081.2524404258018,LineString,30.0279784,-97.8493804,-97.8502732,30.0267109,-97.8484876,30.0292459,VybeTrails.geojson,trail corridor proximity/reference only,Use for trail area/status context. Use GeoJSON geometry and a buffer for exact trail-corridor analysis.
PARD-TRL-995,,Vybe,In Review,Concrete,,Road Project,,565.5586844604836,LineString,30.0229452,-97.8618141,-97.8620725,30.0222503,-97.8615558,30.0236401,VybeTrails.geojson,trail corridor proximity/reference only,Use for trail area/status context. Use GeoJSON geometry and a buffer for exact trail-corridor analysis.
TRAIL_OBJECTID_1898,Add to Plan,Vybe,Awaiting Approval,,,Awaiting Approval,,6685.55806126138,LineString,30.0009645,-97.8665819,-97.8709333,29.9926147,-97.8622305,30.0093144,VybeTrails.geojson,trail corridor proximity/reference only,Use for trail area/status context. Use GeoJSON geometry and a buffer for exact trail-corridor analysis.
TRAIL_OBJECTID_1899,Add to Plan,Vybe,Awaiting Approval,,,Awaiting Approval,,3879.26549074774,LineString,30.0246201,-97.8518641,-97.8551096,30.0200956,-97.8486185,30.0291445,VybeTrails.geojson,trail corridor proximity/reference only,Use for trail area/status context. Use GeoJSON geometry and a buffer for exact trail-corridor analysis.
TRAIL_OBJECTID_1900,Add to Plan,Vybe,Awaiting Approval,Concrete,,Awaiting Approval,,885.2784996268332,LineString,30.0301901,-97.8479024,-97.8486185,30.0291445,-97.8471864,30.0312357,VybeTrails.geojson,trail corridor proximity/reference only,Use for trail area/status context. Use GeoJSON geometry and a buffer for exact trail-corridor analysis.
TRAIL_OBJECTID_1901,Add to Plan,Vybe,Awaiting Approval,,,Awaiting Approval,,821.9868713545691,LineString,29.9608802,-97.8744699,-97.8757289,29.9606526,-97.8732109,29.9611078,VybeTrails.geojson,trail corridor proximity/reference only,Use for trail area/status context. Use GeoJSON geometry and a buffer for exact trail-corridor analysis.
TRAIL_OBJECTID_1902,Add to Plan,Vybe,Awaiting Approval,,,Awaiting Approval,,23416.558741536715,LineString,29.9580013,-97.8434056,-97.8689852,29.9348968,-97.8178261,29.9811058,VybeTrails.geojson,trail corridor proximity/reference only,Use for trail area/status context. Use GeoJSON geometry and a buffer for exact trail-corridor analysis.
TRAIL_OBJECTID_1903,Remove from Plan,Vybe,Remove from Plan,Concrete,,,,743.2391318655741,LineString,30.0048183,-97.8715483,-97.8727216,30.004782,-97.8703749,30.0048546,VybeTrails.geojson,trail corridor proximity/reference only,Use for trail area/status context. Use GeoJSON geometry and a buffer for exact trail-corridor analysis.
TRAIL_OBJECTID_1905,Add to Plan,Vybe,Awaiting Approval,,,Awaiting Approval,,992.4025481908727,LineString,30.023179,-97.831389,-97.8315195,30.0218277,-97.8312585,30.0245302,VybeTrails.geojson,trail corridor proximity/reference only,Use for trail area/status context. Use GeoJSON geometry and a buffer for exact trail-corridor analysis.
TRAIL_OBJECTID_1906,Add to Plan,Vybe,Awaiting Approval,,,Awaiting Approval,,17011.662004204572,LineString,29.969612,-97.8753664,-97.8797994,29.9466094,-97.8709333,29.9926147,VybeTrails.geojson,trail corridor proximity/reference only,Use for trail area/status context. Use GeoJSON geometry and a buffer for exact trail-corridor analysis.
TRAIL_OBJECTID_1907,Add to Plan,Vybe,Awaiting Approval,,,Awaiting Approval,,4523.629012149392,LineString,30.014705,-97.85867,-97.8622305,30.0093144,-97.8551096,30.0200956,VybeTrails.geojson,trail corridor proximity/reference only,Use for trail area/status context. Use GeoJSON geometry and a buffer for exact trail-corridor analysis.
TRAIL_OBJECTID_1908,Add to Plan,Vybe,Awaiting Approval,,,Awaiting Approval,,3354.7750438107037,LineString,30.0364801,-97.8444207,-97.8465201,30.032245,-97.8423214,30.0407151,VybeTrails.geojson,trail corridor proximity/reference only,Use for trail area/status context. Use GeoJSON geometry and a buffer for exact trail-corridor analysis.
TRAIL_OBJECTID_1909,Add to Plan,Vybe,Awaiting Approval,,,Awaiting Approval,,36827.909358366065,LineString,29.9945662,-97.8620125,-97.8809019,29.9475406,-97.8431232,30.0415918,VybeTrails.geojson,trail corridor proximity/reference only,Use for trail area/status context. Use GeoJSON geometry and a buffer for exact trail-corridor analysis.
TRAIL_OBJECTID_1910,Add to Plan,Vybe,Awaiting Approval,,,Awaiting Approval,,7146.157886793638,LineString,30.0454968,-97.7808453,-97.7838572,30.0378043,-97.7778334,30.0531892,VybeTrails.geojson,trail corridor proximity/reference only,Use for trail area/status context. Use GeoJSON geometry and a buffer for exact trail-corridor analysis.
PARD-TRL-516,Remove from Plan,Vybe,Remove from Plan,Concrete,,Developer,,1495.0891577520617,LineString,30.0406895,-97.8694984,-97.8695603,30.0386346,-97.8694365,30.0427443,VybeTrails.geojson,trail corridor proximity/reference only,Use for trail area/status context. Use GeoJSON geometry and a buffer for exact trail-corridor analysis.
TRAIL_OBJECTID_1912,Add to Plan,,Awaiting Approval,,,Awaiting Approval,,1939.6613132852103,LineString,29.9834611,-97.8698505,-97.8707158,29.9811058,-97.8689852,29.9858164,VybeTrails.geojson,trail corridor proximity/reference only,Use for trail area/status context. Use GeoJSON geometry and a buffer for exact trail-corridor analysis.
PARD-TRL-518,,Vybe,Upgrade,Concrete,,Developer,,1079.0704728573553,LineString,30.0393739,-97.8752625,-97.8757402,30.0379589,-97.8747847,30.0407889,VybeTrails.geojson,trail corridor proximity/reference only,Use for trail area/status context. Use GeoJSON geometry and a buffer for exact trail-corridor analysis.
PARD-TRL-954,Kohlers Crossing,Vybe,In Review,Concrete,,City,,235.82057913552933,LineString,30.0283651,-97.8541403,-97.8544451,30.0282985,-97.8538354,30.0284317,VybeTrails.geojson,trail corridor proximity/reference only,Use for trail area/status context. Use GeoJSON geometry and a buffer for exact trail-corridor analysis.
PARD-TRL-954,Kohlers Crossing,Vybe,Upgrade,Concrete,,City,,161.51978559621563,LineString,30.0282222,-97.8546338,-97.8548224,30.0281445,-97.8544451,30.0282998,VybeTrails.geojson,trail corridor proximity/reference only,Use for trail area/status context. Use GeoJSON geometry and a buffer for exact trail-corridor analysis.
PARD-TRL-978,,Vybe,In Review,Concrete,,Developer,,1491.6916750815017,LineString,29.9358553,-97.8157877,-97.8178167,29.9349108,-97.8137587,29.9367998,VybeTrails.geojson,trail corridor proximity/reference only,Use for trail area/status context. Use GeoJSON geometry and a buffer for exact trail-corridor analysis.
PARD-TRL-506,Main St,Vybe,Proposed,Concrete,,Road Project,,602.2169656455418,LineString,29.9702217,-97.8885541,-97.8893793,29.9699078,-97.8877289,29.9705357,VybeTrails.geojson,trail corridor proximity/reference only,Use for trail area/status context. Use GeoJSON geometry and a buffer for exact trail-corridor analysis.
PARD-TRL-1034,,Vybe,Existing,Concrete,,Developer,,364.1328577028883,LineString,30.0318111,-97.846807,-97.8470938,30.0313771,-97.8465201,30.032245,VybeTrails.geojson,trail corridor proximity/reference only,Use for trail area/status context. Use GeoJSON geometry and a buffer for exact trail-corridor analysis.
PARD-TRL-1034,,Vybe,Under Construction,Concrete,,Developer,,892.2629884038694,LineString,30.0303115,-97.8477907,-97.8484876,30.0292459,-97.8470938,30.0313771,VybeTrails.geojson,trail corridor proximity/reference only,Use for trail area/status context. Use GeoJSON geometry and a buffer for exact trail-corridor analysis.
PARD-TRL-1028,,Vybe,Proposed,Concrete,,Developer,,3140.5587842380587,LineString,29.9893449,-97.868782,-97.870375,29.9858089,-97.8671889,29.992881,VybeTrails.geojson,trail corridor proximity/reference only,Use for trail area/status context. Use GeoJSON geometry and a buffer for exact trail-corridor analysis.
PARD-TRL-53,Six Creeks,Vybe,Under Construction,Concrete,,Developer,,2764.0843429899396,LineString,30.0037829,-97.9130137,-97.9161567,30.0013586,-97.9098706,30.0062072,VybeTrails.geojson,trail corridor proximity/reference only,Use for trail area/status context. Use GeoJSON geometry and a buffer for exact trail-corridor analysis.
